id;partner_ids/id;partner_ids/name;attendee_ids/id;attendee_ids/display_name;start;duration;meeting_status;location_id;location;name;description
meeting_10000002;user_demo_comp_cct_10000001;Siham Sandén usr ;demo_comp_cct_10000019;Siham Sandén;2020-04-08 08:30;0.5;Requested by applicant;demo_comp_cct_10000001;Org PILGRIMSTAD         ;Möte med Siham Sandén;blev tre se och från söka dunge stig.
meeting_10000003;user_demo_comp_cct_10000002;Sten Tuvesson usr ;demo_comp_cct_10000020;Sten Tuvesson;2020-04-08 09:00;0.5;Requested by applicant;demo_comp_cct_10000002;Org HUDIKSVALL          ;Möte med Sten Tuvesson;i strand hela blev som vad Rännil icke.
meeting_10000004;user_demo_comp_cct_10000003;Ronald Karlström usr ;demo_comp_cct_10000021;Ronald Karlström;2020-04-09 17:00;0.5;Requested by applicant;demo_comp_cct_10000003;Org HAPARANDA           ;Möte med Ronald Karlström;sitt dock där omfångsrik både det flera samma.
meeting_10000005;user_demo_comp_cct_10000004;Jacob Nordin usr ;demo_comp_cct_10000022;Jacob Nordin;2020-04-07 09:00;0.5;Requested by applicant;demo_comp_cct_10000004;Org ULRICEHAMN          ;Möte med Jacob Nordin;hans, ta sig fram. ingalunda där äng, Och.
meeting_10000006;user_demo_comp_cct_10000005;Mira Edvardsson usr ;demo_comp_cct_10000023;Mira Edvardsson;2020-04-08 09:00;0.5;Requested by applicant;demo_comp_cct_10000005;Org VÅRGÅRDA            ;Möte med Mira Edvardsson;sitt, sorgliga Dimmhöljd nya blev där nya när.
meeting_10000007;user_demo_comp_cct_10000006;Anselm Björnberg usr ;demo_comp_cct_10000024;Anselm Björnberg;2020-04-17 20:00;0.5;Requested by applicant;demo_comp_cct_10000006;Org VÅRBY               ;Möte med Anselm Björnberg;tre Blivit ordningens söka där vidsträckt fram äng.
meeting_10000008;user_demo_comp_cct_10000007;Niclas Hedqvist usr ;demo_comp_cct_10000025;Niclas Hedqvist;2020-04-08 14:30;0.5;Requested by applicant;demo_comp_cct_10000007;Org JÖNKÖPING           ;Möte med Niclas Hedqvist;denna. och från brunsås björnbär jäst av annan..
meeting_10000009;user_demo_comp_cct_10000008;Grace Bark usr ;demo_comp_cct_10000026;Grace Bark;2020-04-07 12:00;0.5;Requested by applicant;demo_comp_cct_10000008;Org HAVDHEM             ;Möte med Grace Bark;när om, i är oss och därmed annat.
meeting_10000010;user_demo_comp_cct_10000009;Gloria Fransson usr ;demo_comp_cct_10000027;Gloria Fransson;2020-04-13 19:00;0.5;Requested by applicant;demo_comp_cct_10000009;Org NORRKÖPING          ;Möte med Gloria Fransson;Bra sjö björnbär träutensilierna smultron annat regn kom.
meeting_10000011;user_demo_comp_cct_10000010;Veronica Back usr ;demo_comp_cct_10000028;Veronica Back;2020-04-16 18:00;0.5;Requested by applicant;demo_comp_cct_10000010;Org PARTILLE            ;Möte med Veronica Back;när redan flera oss samma sitt, att häst.
meeting_10000012;user_demo_comp_cct_10000011;Gry Brodin usr ;demo_comp_cct_10000029;Gry Brodin;2020-04-08 12:30;0.5;Requested by applicant;demo_comp_cct_10000011;Org UPPSALA             ;Möte med Gry Brodin;se fram ingalunda stora jäst varit inom del.
meeting_10000013;user_demo_comp_cct_10000012;Therése Lindén usr ;demo_comp_cct_10000030;Therése Lindén;2020-04-15 15:30;0.5;Requested by applicant;demo_comp_cct_10000012;Org KÄVLINGE            ;Möte med Therése Lindén;ännu rännil dimmhöljd sig sista, som det sista.
meeting_10000014;user_demo_comp_cct_10000013;Kira Ryd usr ;demo_comp_cct_10000031;Kira Ryd;2020-04-13 11:30;0.5;Requested by applicant;demo_comp_cct_10000013;Org EMMABODA            ;Möte med Kira Ryd;dag regn samtidigt ordningens dimmhöljd björnbär kanske söka.
meeting_10000015;user_demo_comp_cct_10000014;Karla Sjöholm usr ;demo_comp_cct_10000032;Karla Sjöholm;2020-04-08 19:00;0.5;Requested by applicant;demo_comp_cct_10000014;Org JÄRLÅSA             ;Möte med Karla Sjöholm;stig annat i och dunge kunde nya varit.
meeting_10000016;user_demo_comp_cct_10000015;Alrik Lindkvist usr ;demo_comp_cct_10000033;Alrik Lindkvist;2020-04-07 12:30;0.5;Requested by applicant;demo_comp_cct_10000015;Org NACKA               ;Möte med Alrik Lindkvist;söka bäckasiner ordningens blev fram tiden faktor mot.
meeting_10000017;user_demo_comp_cct_10000016;Nilla Bergendahl usr ;demo_comp_cct_10000034;Nilla Bergendahl;2020-04-09 19:00;0.5;Requested by applicant;demo_comp_cct_10000016;Org GÖTEBORG            ;Möte med Nilla Bergendahl;flera denna göras flera nya, se sällan som.
meeting_10000018;user_demo_comp_cct_10000017;Albina Ek usr ;demo_comp_cct_10000035;Albina Ek;2020-04-06 12:00;0.5;Requested by applicant;demo_comp_cct_10000017;Org HÄSSELBY            ;Möte med Albina Ek;varit dimma blivit söka, bland samtidigt hela nya.
meeting_10000019;user_demo_comp_cct_10000018;Rebecca Broman usr ;demo_comp_cct_10000036;Rebecca Broman;2020-04-06 11:00;0.5;Requested by applicant;demo_comp_cct_10000018;Org HELSINGBORG         ;Möte med Rebecca Broman;vid ännu tiden dag bäckasiner genom, vid blivit.
meeting_10000020;user_demo_comp_cct_10000019;Norea Hed usr ;demo_comp_cct_10000037;Norea Hed;2020-04-14 12:30;0.5;Requested by applicant;demo_comp_cct_10000001;Org PILGRIMSTAD         ;Möte med Norea Hed;del både nya Löksås kunde ser helt del..
meeting_10000021;user_demo_comp_cct_10000020;Gerda Selberg usr ;demo_comp_cct_10000038;Gerda Selberg;2020-04-07 17:00;0.5;Requested by applicant;demo_comp_cct_10000002;Org HUDIKSVALL          ;Möte med Gerda Selberg;dock verkligen precis icke. tiden fram precis, att.
meeting_10000022;user_demo_comp_cct_10000021;Amelie Malmkvist;demo_comp_cct_10000039;Amelie Malmkvist;2020-04-06 10:00;0.5;Requested by applicant;demo_comp_cct_10000003;Org HAPARANDA           ;Möte med Amelie Malmkvist;därmed Inom icke tiden stora erfarenheter när tre.
meeting_10000023;user_demo_comp_cct_10000022;Vilhelm Bladh;demo_comp_cct_10000040;Vilhelm Bladh;2020-04-14 12:00;0.5;Requested by applicant;demo_comp_cct_10000004;Org ULRICEHAMN          ;Möte med Vilhelm Bladh;när i sjö sista tiden söka se. själv..
meeting_10000024;user_demo_comp_cct_10000023;Emily Nygren;demo_comp_cct_10000041;Emily Nygren;2020-04-07 11:30;0.5;Requested by applicant;demo_comp_cct_10000005;Org VÅRGÅRDA            ;Möte med Emily Nygren;bra är dunge gamla sorgliga år själv mjuka.
meeting_10000025;user_demo_comp_cct_10000024;Athena Hellstrand;demo_comp_cct_10000042;Athena Hellstrand;2020-04-16 08:30;0.5;Requested by applicant;demo_comp_cct_10000006;Org VÅRBY               ;Möte med Athena Hellstrand;fram vi gör dag har söka faktor, ska.
meeting_10000026;user_demo_comp_cct_10000025;Anastasija Niemi;demo_comp_cct_10000043;Anastasija Niemi;2020-04-16 10:30;0.5;Requested by applicant;demo_comp_cct_10000007;Org JÖNKÖPING           ;Möte med Anastasija Niemi;Kan sax bra av tidigare sista är flera.
meeting_10000027;user_demo_comp_cct_10000026;Dominic Rosberg;demo_comp_cct_10000044;Dominic Rosberg;2020-04-08 19:00;0.5;Requested by applicant;demo_comp_cct_10000008;Org HAVDHEM             ;Möte med Dominic Rosberg;stora, dimmhöljd så samtidigt äng precis ska har.
meeting_10000028;user_demo_comp_cct_10000027;Edmund Sigfridsson;demo_comp_cct_10000045;Edmund Sigfridsson;2020-04-07 15:00;0.5;Requested by applicant;demo_comp_cct_10000009;Org NORRKÖPING          ;Möte med Edmund Sigfridsson;rot av rot om sorgliga hav. det av.
meeting_10000029;user_demo_comp_cct_10000028;Amanda Björn;demo_comp_cct_10000046;Amanda Björn;2020-04-07 11:00;0.5;Requested by applicant;demo_comp_cct_10000010;Org PARTILLE            ;Möte med Amanda Björn;kan sax precis vid Hans rännil vemod sax.
meeting_10000030;user_demo_comp_cct_10000029;Linnea Grönqvist;demo_comp_cct_10000047;Linnea Grönqvist;2020-04-16 18:00;0.5;Requested by applicant;demo_comp_cct_10000011;Org UPPSALA             ;Möte med Linnea Grönqvist;ska nya söka, dag därmed samtidigt sin dimma,.
meeting_10000031;user_demo_comp_cct_10000030;Eliza Brodin;demo_comp_cct_10000048;Eliza Brodin;2020-04-06 17:00;0.5;Requested by applicant;demo_comp_cct_10000012;Org KÄVLINGE            ;Möte med Eliza Brodin;hav där ordningens fram Att det bra rännil.
meeting_10000032;user_demo_comp_cct_10000031;Christian Mattsson;demo_comp_cct_10000049;Christian Mattsson;2020-04-07 08:00;0.5;Requested by applicant;demo_comp_cct_10000013;Org EMMABODA            ;Möte med Christian Mattsson;när så sällan stora, trevnadens åker flera om.
meeting_10000033;user_demo_comp_cct_10000032;Nicklas Adolfsson;demo_comp_cct_10000050;Nicklas Adolfsson;2020-04-14 15:30;0.5;Requested by applicant;demo_comp_cct_10000014;Org JÄRLÅSA             ;Möte med Nicklas Adolfsson;denna stora samma dunge rot sällan olika för.
meeting_10000034;user_demo_comp_cct_10000033;Destiny Öström;demo_comp_cct_10000051;Destiny Öström;2020-04-06 09:30;0.5;Requested by applicant;demo_comp_cct_10000015;Org NACKA               ;Möte med Destiny Öström;varit genom rot tidigare själv som kom där.
meeting_10000035;user_demo_comp_cct_10000034;Hanin Olofsson;demo_comp_cct_10000052;Hanin Olofsson;2020-04-07 14:30;0.5;Requested by applicant;demo_comp_cct_10000016;Org GÖTEBORG            ;Möte med Hanin Olofsson;gamla att rännil på söka rot helt rot.
meeting_10000036;user_demo_comp_cct_10000035;Mariam Ahlqvist;demo_comp_cct_10000053;Mariam Ahlqvist;2020-04-08 14:00;0.5;Requested by applicant;demo_comp_cct_10000017;Org HÄSSELBY            ;Möte med Mariam Ahlqvist;faktor är mjuka. helt dunge kunde vid se.
meeting_10000037;user_demo_comp_cct_10000036;Conny Hågman;demo_comp_cct_10000054;Conny Hågman;2020-04-08 09:30;0.5;Requested by applicant;demo_comp_cct_10000018;Org HELSINGBORG         ;Möte med Conny Hågman;som precis av söka nya som sjö att.
meeting_10000038;user_demo_comp_cct_10000037;Tuva-Li Håkansson;demo_comp_cct_10000055;Tuva-Li Håkansson;2020-04-14 20:00;0.5;Requested by applicant;demo_comp_cct_10000001;Org PILGRIMSTAD         ;Möte med Tuva-Li Håkansson;helt själv björnbär ta ipsum redan gamla enligt.
meeting_10000039;user_demo_comp_cct_10000038;Jenna Konradsson;demo_comp_cct_10000056;Jenna Konradsson;2020-04-08 08:30;0.5;Requested by applicant;demo_comp_cct_10000002;Org HUDIKSVALL          ;Möte med Jenna Konradsson;rot år regn hwila samma, lax rännil tidigare.
meeting_10000040;user_demo_comp_cct_10000039;Zoey Björn;demo_comp_cct_10000057;Zoey Björn;2020-04-15 17:30;0.5;Requested by applicant;demo_comp_cct_10000003;Org HAPARANDA           ;Möte med Zoey Björn;ta dag dag trevnadens. när vemod kunde dunge.
meeting_10000041;user_demo_comp_cct_10000040;Titus Boberg;demo_comp_cct_10000058;Titus Boberg;2020-04-09 14:00;0.5;Requested by applicant;demo_comp_cct_10000004;Org ULRICEHAMN          ;Möte med Titus Boberg;dock erfarenheter fram varit sin bra oss fram.
meeting_10000042;user_demo_comp_cct_10000041;Nea Gran;demo_comp_cct_10000059;Nea Gran;2020-04-14 12:00;0.5;Requested by applicant;demo_comp_cct_10000005;Org VÅRGÅRDA            ;Möte med Nea Gran;fram dock omfångsrik olika dimma mjuka. vi redan.
meeting_10000043;user_demo_comp_cct_10000042;Erica Sollerdahl;demo_comp_cct_10000060;Erica Sollerdahl;2020-04-14 17:00;0.5;Requested by applicant;demo_comp_cct_10000006;Org VÅRBY               ;Möte med Erica Sollerdahl;sax mjuka det hwila ordningens rännil sig icke.
meeting_10000044;user_demo_comp_cct_10000043;Seved Fröjd;demo_comp_cct_10000061;Seved Fröjd;2020-04-10 17:00;0.5;Requested by applicant;demo_comp_cct_10000007;Org JÖNKÖPING           ;Möte med Seved Fröjd;rot annat brunsås ordningens precis samma inom åker.
meeting_10000045;user_demo_comp_cct_10000044;Pixie Wiberg;demo_comp_cct_10000062;Pixie Wiberg;2020-04-14 13:00;0.5;Requested by applicant;demo_comp_cct_10000008;Org HAVDHEM             ;Möte med Pixie Wiberg;mjuka gör inom bäckasiner samtidigt, sax. icke bra.
meeting_10000046;user_demo_comp_cct_10000045;Jessie Hultman;demo_comp_cct_10000063;Jessie Hultman;2020-04-09 15:30;0.5;Requested by applicant;demo_comp_cct_10000009;Org NORRKÖPING          ;Möte med Jessie Hultman;sista, själv gör hwila redan Att det hwila.
meeting_10000047;user_demo_comp_cct_10000046;Juno Ljungberg;demo_comp_cct_10000064;Juno Ljungberg;2020-04-06 16:30;0.5;Requested by applicant;demo_comp_cct_10000010;Org PARTILLE            ;Möte med Juno Ljungberg;sitt, av se smultron ta ordningens tidigare därmed.
meeting_10000048;user_demo_comp_cct_10000047;Emanuel Lindman;demo_comp_cct_10000065;Emanuel Lindman;2020-04-08 12:30;0.5;Requested by applicant;demo_comp_cct_10000011;Org UPPSALA             ;Möte med Emanuel Lindman;annat plats dimmhöljd där rännil kom sällan räv.
meeting_10000049;user_demo_comp_cct_10000048;Tom Holmer;demo_comp_cct_10000066;Tom Holmer;2020-04-06 14:30;0.5;Requested by applicant;demo_comp_cct_10000012;Org KÄVLINGE            ;Möte med Tom Holmer;Har kanske stora oss äng som sjö kom.
meeting_10000050;user_demo_comp_cct_10000049;Marcus Ljungdahl;demo_comp_cct_10000067;Marcus Ljungdahl;2020-04-08 12:00;0.5;Requested by applicant;demo_comp_cct_10000013;Org EMMABODA            ;Möte med Marcus Ljungdahl;sorgliga se annat björnbär, helt rot regn icke.
meeting_10000051;user_demo_comp_cct_10000050;Estelle Ring;demo_comp_cct_10000068;Estelle Ring;2020-04-17 13:00;0.5;Requested by applicant;demo_comp_cct_10000014;Org JÄRLÅSA             ;Möte med Estelle Ring;sitt, Flera gamla. ordningens åker varit vid blivit.
meeting_10000052;user_demo_comp_cct_10000051;Miriam Tärnqvist;demo_comp_cct_10000069;Miriam Tärnqvist;2020-04-13 14:30;0.5;Requested by applicant;demo_comp_cct_10000015;Org NACKA               ;Möte med Miriam Tärnqvist;dunge blivit stora hela är stora mot nya.
meeting_10000053;user_demo_comp_cct_10000052;Per Nordkvist;demo_comp_cct_10000070;Per Nordkvist;2020-04-08 15:00;0.5;Requested by applicant;demo_comp_cct_10000016;Org GÖTEBORG            ;Möte med Per Nordkvist;trevnadens blev kom år Annat fram flera ska.
meeting_10000054;user_demo_comp_cct_10000053;Isabel Burström;demo_comp_cct_10000071;Isabel Burström;2020-04-13 12:30;0.5;Requested by applicant;demo_comp_cct_10000017;Org HÄSSELBY            ;Möte med Isabel Burström;kom hwila färdväg ordningens sig av mot det.
meeting_10000055;user_demo_comp_cct_10000054;Melina Bäcklund;demo_comp_cct_10000072;Melina Bäcklund;2020-04-10 11:30;0.5;Requested by applicant;demo_comp_cct_10000018;Org HELSINGBORG         ;Möte med Melina Bäcklund;rännil tre av precis helt från denna, sig.
meeting_10000056;user_demo_comp_cct_10000055;Alvin Blomkvist;demo_comp_cct_10000073;Alvin Blomkvist;2020-04-15 09:00;0.5;Requested by applicant;demo_comp_cct_10000001;Org PILGRIMSTAD         ;Möte med Alvin Blomkvist;trevnadens söka, kanske Löksås som därmed groda hela.
meeting_10000057;user_demo_comp_cct_10000056;Natali Sahlén;demo_comp_cct_10000074;Natali Sahlén;2020-04-09 15:00;0.5;Requested by applicant;demo_comp_cct_10000002;Org HUDIKSVALL          ;Möte med Natali Sahlén;och hwila från är rot kom som fram.
meeting_10000058;user_demo_comp_cct_10000057;River Moberg;demo_comp_cct_10000075;River Moberg;2020-04-10 13:00;0.5;Requested by applicant;demo_comp_cct_10000003;Org HAPARANDA           ;Möte med River Moberg;mot sjö. rot Ännu varit flera mjuka ordningens.
meeting_10000059;user_demo_comp_cct_10000058;Edward Sjökvist;demo_comp_cct_10000076;Edward Sjökvist;2020-04-06 13:30;0.5;Requested by applicant;demo_comp_cct_10000004;Org ULRICEHAMN          ;Möte med Edward Sjökvist;rännil strand hav. fram och söka del och.
meeting_10000060;user_demo_comp_cct_10000059;Eli Hågberg;demo_comp_cct_10000077;Eli Hågberg;2020-04-06 08:30;0.5;Requested by applicant;demo_comp_cct_10000005;Org VÅRGÅRDA            ;Möte med Eli Hågberg;fram ta både dimma kom icke. del fram.
meeting_10000061;user_demo_comp_cct_10000060;Anya Ståhl;demo_comp_cct_10000078;Anya Ståhl;2020-04-15 08:00;0.5;Requested by applicant;demo_comp_cct_10000006;Org VÅRBY               ;Möte med Anya Ståhl;gamla tidigare räv oss i Har häst inom.
meeting_10000062;user_demo_comp_cct_10000061;Baltsar Norberg;demo_comp_cct_10000079;Baltsar Norberg;2020-04-16 13:30;0.5;Requested by applicant;demo_comp_cct_10000007;Org JÖNKÖPING           ;Möte med Baltsar Norberg;vemod, bäckasiner Att är fram olika regn mjuka.
meeting_10000063;user_demo_comp_cct_10000062;Helga Hedin;demo_comp_cct_10000080;Helga Hedin;2020-04-10 11:30;0.5;Requested by applicant;demo_comp_cct_10000008;Org HAVDHEM             ;Möte med Helga Hedin;rännil dimmhöljd sin vemod därmed dimma rännil björnbär.
meeting_10000064;user_demo_comp_cct_10000063;Solveig Anell;demo_comp_cct_10000081;Solveig Anell;2020-04-15 10:00;0.5;Requested by applicant;demo_comp_cct_10000009;Org NORRKÖPING          ;Möte med Solveig Anell;verkligen helt denna. från blev varit gör brunsås.
meeting_10000065;user_demo_comp_cct_10000064;Minja Broström;demo_comp_cct_10000082;Minja Broström;2020-04-09 18:00;0.5;Requested by applicant;demo_comp_cct_10000010;Org PARTILLE            ;Möte med Minja Broström;som, sjö stora, sin från det det bra.
meeting_10000066;user_demo_comp_cct_10000065;Edward Kjellberg;demo_comp_cct_10000083;Edward Kjellberg;2020-04-07 17:30;0.5;Requested by applicant;demo_comp_cct_10000011;Org UPPSALA             ;Möte med Edward Kjellberg;samma se. varit oss kom gamla kom nu.
meeting_10000067;user_demo_comp_cct_10000066;Louise Malmqvist;demo_comp_cct_10000084;Louise Malmqvist;2020-04-13 09:00;0.5;Requested by applicant;demo_comp_cct_10000012;Org KÄVLINGE            ;Möte med Louise Malmqvist;blev av vidsträckt dock blev denna trevnadens mjuka..
meeting_10000068;user_demo_comp_cct_10000067;Merve Vennberg;demo_comp_cct_10000085;Merve Vennberg;2020-04-14 12:00;0.5;Requested by applicant;demo_comp_cct_10000013;Org EMMABODA            ;Möte med Merve Vennberg;både annat när om dag själv vi omfångsrik.
meeting_10000069;user_demo_comp_cct_10000068;Noak Lund;demo_comp_cct_10000086;Noak Lund;2020-04-09 12:00;0.5;Requested by applicant;demo_comp_cct_10000014;Org JÄRLÅSA             ;Möte med Noak Lund;vemod, och icke vemod, Annan kunde nya vi.
meeting_10000070;user_demo_comp_cct_10000069;Nore Oskarsson;demo_comp_cct_10000087;Nore Oskarsson;2020-04-10 14:30;0.5;Requested by applicant;demo_comp_cct_10000015;Org NACKA               ;Möte med Nore Oskarsson;har vemod där från som strand ordningens från,.
meeting_10000071;user_demo_comp_cct_10000070;Dana Olausson;demo_comp_cct_10000088;Dana Olausson;2020-04-10 16:00;0.5;Requested by applicant;demo_comp_cct_10000016;Org GÖTEBORG            ;Möte med Dana Olausson;oss att åker Annat vidsträckt dag sig upprätthållande.
meeting_10000072;user_demo_comp_cct_10000071;Penny Appelqvist;demo_comp_cct_10000089;Penny Appelqvist;2020-04-08 11:30;0.5;Requested by applicant;demo_comp_cct_10000017;Org HÄSSELBY            ;Möte med Penny Appelqvist;i,. är fram annat omfångsrik dunge samma äng.
meeting_10000073;user_demo_comp_cct_10000072;Gunnar Östberg;demo_comp_cct_10000090;Gunnar Östberg;2020-04-14 08:00;0.5;Requested by applicant;demo_comp_cct_10000018;Org HELSINGBORG         ;Möte med Gunnar Östberg;mot hav göras, som, annat om strand miljoner.
meeting_10000074;user_demo_comp_cct_10000073;Signe Källström;demo_comp_cct_10000091;Signe Källström;2020-04-07 12:00;0.5;Requested by applicant;demo_comp_cct_10000001;Org PILGRIMSTAD         ;Möte med Signe Källström;sällan bra där samtidigt, i plats när faktor,.
meeting_10000075;user_demo_comp_cct_10000074;Zuzanna Hågberg;demo_comp_cct_10000092;Zuzanna Hågberg;2020-04-09 19:00;0.5;Requested by applicant;demo_comp_cct_10000002;Org HUDIKSVALL          ;Möte med Zuzanna Hågberg;där äng när bland denna häst. det och.
meeting_10000076;user_demo_comp_cct_10000075;Sama Vesterlund;demo_comp_cct_10000093;Sama Vesterlund;2020-04-13 19:00;0.5;Requested by applicant;demo_comp_cct_10000003;Org HAPARANDA           ;Möte med Sama Vesterlund;sällan precis erfarenheter, mot ska färdväg mot ordningens.
meeting_10000077;user_demo_comp_cct_10000076;Nova-Li Ekman;demo_comp_cct_10000094;Nova-Li Ekman;2020-04-06 16:30;0.5;Requested by applicant;demo_comp_cct_10000004;Org ULRICEHAMN          ;Möte med Nova-Li Ekman;enligt annan Fram Det blev sjö, icke där.
meeting_10000078;user_demo_comp_cct_10000077;Leonard Mattisson;demo_comp_cct_10000095;Leonard Mattisson;2020-04-13 17:30;0.5;Requested by applicant;demo_comp_cct_10000005;Org VÅRGÅRDA            ;Möte med Leonard Mattisson;dock rännil som jäst bäckasiner både ordningens om,.
meeting_10000079;user_demo_comp_cct_10000078;Belle Vilhelmsson;demo_comp_cct_10000096;Belle Vilhelmsson;2020-04-15 13:30;0.5;Requested by applicant;demo_comp_cct_10000006;Org VÅRBY               ;Möte med Belle Vilhelmsson;nya bäckasiner stig smultron verkligen räv icke både.
meeting_10000080;user_demo_comp_cct_10000079;Kent Vesterlund;demo_comp_cct_10000097;Kent Vesterlund;2020-04-13 12:30;0.5;Requested by applicant;demo_comp_cct_10000007;Org JÖNKÖPING           ;Möte med Kent Vesterlund;genom smultron som oss sjö, nya år tid.
meeting_10000081;user_demo_comp_cct_10000080;Alexandra Borg;demo_comp_cct_10000098;Alexandra Borg;2020-04-10 08:00;0.5;Requested by applicant;demo_comp_cct_10000008;Org HAVDHEM             ;Möte med Alexandra Borg;från, och ordningens är icke om. blev stig.
meeting_10000082;user_demo_comp_cct_10000081;Haley Hellsten;demo_comp_cct_10000099;Haley Hellsten;2020-04-08 19:30;0.5;Requested by applicant;demo_comp_cct_10000009;Org NORRKÖPING          ;Möte med Haley Hellsten;kom ordningens dag gör om därmed, häst sista,.
meeting_10000083;user_demo_comp_cct_10000082;Melker Rönn;demo_comp_cct_10000100;Melker Rönn;2020-04-10 10:00;0.5;Requested by applicant;demo_comp_cct_10000010;Org PARTILLE            ;Möte med Melker Rönn;annan tre trevnadens samtidigt erfarenheter när omfångsrik faktor.
meeting_10000084;user_demo_comp_cct_10000083;Therése Danielsson;demo_comp_cct_10000101;Therése Danielsson;2020-04-08 13:00;0.5;Requested by applicant;demo_comp_cct_10000011;Org UPPSALA             ;Möte med Therése Danielsson;vemod där hela dag samma upprätthållande mot hav..
meeting_10000085;user_demo_comp_cct_10000084;Beda Rasmusson;demo_comp_cct_10000102;Beda Rasmusson;2020-04-10 10:00;0.5;Requested by applicant;demo_comp_cct_10000012;Org KÄVLINGE            ;Möte med Beda Rasmusson;annat oss redan Inom inom fram oss. när.
meeting_10000086;user_demo_comp_cct_10000085;Helen Kjellgren;demo_comp_cct_10000103;Helen Kjellgren;2020-04-14 10:00;0.5;Requested by applicant;demo_comp_cct_10000013;Org EMMABODA            ;Möte med Helen Kjellgren;dimma annan flera Att från bra är regn.
meeting_10000087;user_demo_comp_cct_10000086;Jake Velander;demo_comp_cct_10000104;Jake Velander;2020-04-13 15:00;0.5;Requested by applicant;demo_comp_cct_10000014;Org JÄRLÅSA             ;Möte med Jake Velander;i själv, vidsträckt från redan ser sitt, att.
meeting_10000088;user_demo_comp_cct_10000087;Ester Roslund;demo_comp_cct_10000105;Ester Roslund;2020-04-14 08:00;0.5;Requested by applicant;demo_comp_cct_10000015;Org NACKA               ;Möte med Ester Roslund;mot dunge söka bland samma, ta, se regn.
meeting_10000089;user_demo_comp_cct_10000088;Melina Birgersson;demo_comp_cct_10000106;Melina Birgersson;2020-04-08 17:30;0.5;Requested by applicant;demo_comp_cct_10000016;Org GÖTEBORG            ;Möte med Melina Birgersson;det som rot Annat varit nya om ser..
meeting_10000090;user_demo_comp_cct_10000089;Adel Melander;demo_comp_cct_10000107;Adel Melander;2020-04-14 11:00;0.5;Requested by applicant;demo_comp_cct_10000017;Org HÄSSELBY            ;Möte med Adel Melander;söka ser. ta björnbär ser. enligt och stig.
meeting_10000091;user_demo_comp_cct_10000090;Zeynep Lagerqvist;demo_comp_cct_10000108;Zeynep Lagerqvist;2020-04-07 12:30;0.5;Requested by applicant;demo_comp_cct_10000018;Org HELSINGBORG         ;Möte med Zeynep Lagerqvist;åker tidigare dag bland bäckasiner nya ska har.
meeting_10000092;user_demo_comp_cct_10000091;Calle Hellman;demo_comp_cct_10000109;Calle Hellman;2020-04-09 16:00;0.5;Requested by applicant;demo_comp_cct_10000001;Org PILGRIMSTAD         ;Möte med Calle Hellman;dag så bra tidigare dimmhöljd så plats sista.
meeting_10000093;user_demo_comp_cct_10000092;Indra Broberg;demo_comp_cct_10000110;Indra Broberg;2020-04-06 18:00;0.5;Requested by applicant;demo_comp_cct_10000002;Org HUDIKSVALL          ;Möte med Indra Broberg;varit nu och Genom tiden trevnadens när sista.
meeting_10000094;user_demo_comp_cct_10000093;Reinhold Back;demo_comp_cct_10000111;Reinhold Back;2020-04-15 17:30;0.5;Requested by applicant;demo_comp_cct_10000003;Org HAPARANDA           ;Möte med Reinhold Back;varit som det, räv dunge kom blivit omfångsrik.
meeting_10000095;user_demo_comp_cct_10000094;Dima Kjellin;demo_comp_cct_10000112;Dima Kjellin;2020-04-14 12:00;0.5;Requested by applicant;demo_comp_cct_10000004;Org ULRICEHAMN          ;Möte med Dima Kjellin;bra tidigare annat dimmhöljd ingalunda vi nu del.
meeting_10000096;user_demo_comp_cct_10000095;Enar Grundström;demo_comp_cct_10000113;Enar Grundström;2020-04-10 15:00;0.5;Requested by applicant;demo_comp_cct_10000005;Org VÅRGÅRDA            ;Möte med Enar Grundström;Bland precis ta kunde del tidigare brunsås miljoner,.
meeting_10000097;user_demo_comp_cct_10000096;Tryggve Svedlund;demo_comp_cct_10000114;Tryggve Svedlund;2020-04-14 18:00;0.5;Requested by applicant;demo_comp_cct_10000006;Org VÅRBY               ;Möte med Tryggve Svedlund;samma när. ordningens tidigare hwila plats åker som.
meeting_10000098;user_demo_comp_cct_10000097;Einar Thörn;demo_comp_cct_10000115;Einar Thörn;2020-04-06 10:30;0.5;Requested by applicant;demo_comp_cct_10000007;Org JÖNKÖPING           ;Möte med Einar Thörn;äng hans som fram om vi dimma därmed.
meeting_10000099;user_demo_comp_cct_10000098;Kitty Brodin;demo_comp_cct_10000116;Kitty Brodin;2020-04-17 15:30;0.5;Requested by applicant;demo_comp_cct_10000008;Org HAVDHEM             ;Möte med Kitty Brodin;Och upprätthållande som hav därmed helt ser söka,.
meeting_10000100;user_demo_comp_cct_10000099;Allis Forsberg;demo_comp_cct_10000117;Allis Forsberg;2020-04-06 10:30;0.5;Requested by applicant;demo_comp_cct_10000009;Org NORRKÖPING          ;Möte med Allis Forsberg;ordningens där äng blev gör. Räv häst bäckasiner.
meeting_10000101;user_demo_comp_cct_10000100;Patrick Freij;demo_comp_cct_10000118;Patrick Freij;2020-04-10 18:00;0.5;Requested by applicant;demo_comp_cct_10000010;Org PARTILLE            ;Möte med Patrick Freij;nya hav bra verkligen mot ordningens är rot.
meeting_10000102;user_demo_comp_cct_10000101;Teo Håkansson;demo_comp_cct_10000119;Teo Håkansson;2020-04-13 08:30;0.5;Requested by applicant;demo_comp_cct_10000011;Org UPPSALA             ;Möte med Teo Håkansson;både själv trevnadens Flera så som därmed stig.
meeting_10000103;user_demo_comp_cct_10000102;Malin Vilhelmsson;demo_comp_cct_10000120;Malin Vilhelmsson;2020-04-17 17:00;0.5;Requested by applicant;demo_comp_cct_10000012;Org KÄVLINGE            ;Möte med Malin Vilhelmsson;vemod träutensilierna brunsås nya sig, samtidigt, verkligen samma.
meeting_10000104;user_demo_comp_cct_10000103;Nicolas Söderblom;demo_comp_cct_10000121;Nicolas Söderblom;2020-04-09 08:00;0.5;Requested by applicant;demo_comp_cct_10000013;Org EMMABODA            ;Möte med Nicolas Söderblom;erfarenheter blev ännu kunde verkligen trevnadens som söka.
meeting_10000105;user_demo_comp_cct_10000104;Brian Elfström;demo_comp_cct_10000122;Brian Elfström;2020-04-07 09:30;0.5;Requested by applicant;demo_comp_cct_10000014;Org JÄRLÅSA             ;Möte med Brian Elfström;det i varit sax samma gamla sorgliga dag.
meeting_10000106;user_demo_comp_cct_10000105;Charlotte Benjaminsson;demo_comp_cct_10000123;Charlotte Benjaminsson;2020-04-06 12:00;0.5;Requested by applicant;demo_comp_cct_10000015;Org NACKA               ;Möte med Charlotte Benjaminsson;fram. dimma själv dock, på Har Hav om.
meeting_10000107;user_demo_comp_cct_10000106;Susanna Brink;demo_comp_cct_10000124;Susanna Brink;2020-04-15 13:30;0.5;Requested by applicant;demo_comp_cct_10000016;Org GÖTEBORG            ;Möte med Susanna Brink;omfångsrik kom fram. sin hwila och ännu både.
meeting_10000108;user_demo_comp_cct_10000107;Zelda Fridh;demo_comp_cct_10000125;Zelda Fridh;2020-04-15 15:00;0.5;Requested by applicant;demo_comp_cct_10000017;Org HÄSSELBY            ;Möte med Zelda Fridh;gör mot. erfarenheter plats olika, strand söka. på.
meeting_10000109;user_demo_comp_cct_10000108;Tyra Söderlind;demo_comp_cct_10000126;Tyra Söderlind;2020-04-09 19:30;0.5;Requested by applicant;demo_comp_cct_10000018;Org HELSINGBORG         ;Möte med Tyra Söderlind;kom har gör oss blivit för strand regn.
meeting_10000110;user_demo_comp_cct_10000109;Lava Lundholm;demo_comp_cct_10000127;Lava Lundholm;2020-04-06 10:30;0.5;Requested by applicant;demo_comp_cct_10000001;Org PILGRIMSTAD         ;Möte med Lava Lundholm;träutensilierna dunge dock blivit i sjö kom brunsås.
meeting_10000111;user_demo_comp_cct_10000110;Gerhard Linde;demo_comp_cct_10000128;Gerhard Linde;2020-04-06 20:00;0.5;Requested by applicant;demo_comp_cct_10000002;Org HUDIKSVALL          ;Möte med Gerhard Linde;som söka tre icke tiden hans mjuka, ser.
meeting_10000112;user_demo_comp_cct_10000111;Nikki Åsberg;demo_comp_cct_10000129;Nikki Åsberg;2020-04-06 17:00;0.5;Requested by applicant;demo_comp_cct_10000003;Org HAPARANDA           ;Möte med Nikki Åsberg;olika dock hwila dunge precis göras rännil ingalunda.
meeting_10000113;user_demo_comp_cct_10000112;Ted Lövgren;demo_comp_cct_10000130;Ted Lövgren;2020-04-10 18:00;0.5;Requested by applicant;demo_comp_cct_10000004;Org ULRICEHAMN          ;Möte med Ted Lövgren;icke olika precis, som stig vid dock söka..
meeting_10000114;user_demo_comp_cct_10000113;Irja Olsén;demo_comp_cct_10000131;Irja Olsén;2020-04-13 18:00;0.5;Requested by applicant;demo_comp_cct_10000005;Org VÅRGÅRDA            ;Möte med Irja Olsén;göras regn det ta kan, se sorgliga samma.
meeting_10000115;user_demo_comp_cct_10000114;Abel Ålander;demo_comp_cct_10000132;Abel Ålander;2020-04-07 19:00;0.5;Requested by applicant;demo_comp_cct_10000006;Org VÅRBY               ;Möte med Abel Ålander;oss hwila om. och enligt stig, söka verkligen.
meeting_10000116;user_demo_comp_cct_10000115;Carl Holgersson;demo_comp_cct_10000133;Carl Holgersson;2020-04-07 10:30;0.5;Requested by applicant;demo_comp_cct_10000007;Org JÖNKÖPING           ;Möte med Carl Holgersson;tre kan händer av hav av del Varit.
meeting_10000117;user_demo_comp_cct_10000116;Emelia Kallin;demo_comp_cct_10000134;Emelia Kallin;2020-04-17 18:30;0.5;Requested by applicant;demo_comp_cct_10000008;Org HAVDHEM             ;Möte med Emelia Kallin;och har enligt dunge sista trevnadens oss kan.
meeting_10000118;user_demo_comp_cct_10000117;Mathilda Lovén;demo_comp_cct_10000135;Mathilda Lovén;2020-04-13 11:00;0.5;Requested by applicant;demo_comp_cct_10000009;Org NORRKÖPING          ;Möte med Mathilda Lovén;trevnadens i flera vad om. fram faktor hav..
meeting_10000119;user_demo_comp_cct_10000118;Grace Sander;demo_comp_cct_10000136;Grace Sander;2020-04-16 14:00;0.5;Requested by applicant;demo_comp_cct_10000010;Org PARTILLE            ;Möte med Grace Sander;tidigare gör är hwila brunsås inom därmed, sjö.
meeting_10000120;user_demo_comp_cct_10000119;Beatrice Ling;demo_comp_cct_10000137;Beatrice Ling;2020-04-14 19:30;0.5;Requested by applicant;demo_comp_cct_10000011;Org UPPSALA             ;Möte med Beatrice Ling;dimma tid. samtidigt kunde dock tidigare i ta.
meeting_10000121;user_demo_comp_cct_10000120;Svea Fröjd;demo_comp_cct_10000138;Svea Fröjd;2020-04-13 16:00;0.5;Requested by applicant;demo_comp_cct_10000012;Org KÄVLINGE            ;Möte med Svea Fröjd;sorgliga, mjuka stig sista stig hwila rot enligt.
meeting_10000122;user_demo_comp_cct_10000121;Irem Vilhelmsson;demo_comp_cct_10000139;Irem Vilhelmsson;2020-04-14 10:00;0.5;Requested by applicant;demo_comp_cct_10000013;Org EMMABODA            ;Möte med Irem Vilhelmsson;erfarenheter del det färdväg söka. sin stora gör.
meeting_10000123;user_demo_comp_cct_10000122;Said Strandberg;demo_comp_cct_10000140;Said Strandberg;2020-04-15 14:00;0.5;Requested by applicant;demo_comp_cct_10000014;Org JÄRLÅSA             ;Möte med Said Strandberg;samtidigt, därmed ska tid från det strand plats.
meeting_10000124;user_demo_comp_cct_10000123;Valdemar Grip;demo_comp_cct_10000141;Valdemar Grip;2020-04-08 18:00;0.5;Requested by applicant;demo_comp_cct_10000015;Org NACKA               ;Möte med Valdemar Grip;fram för genom, på enligt ska äng dock.
meeting_10000125;user_demo_comp_cct_10000124;Jacob Öström;demo_comp_cct_10000142;Jacob Öström;2020-04-08 16:30;0.5;Requested by applicant;demo_comp_cct_10000016;Org GÖTEBORG            ;Möte med Jacob Öström;vad kan verkligen nya, om i så ordningens.
meeting_10000126;user_demo_comp_cct_10000125;Tommy Blomkvist;demo_comp_cct_10000143;Tommy Blomkvist;2020-04-13 16:30;0.5;Requested by applicant;demo_comp_cct_10000017;Org HÄSSELBY            ;Möte med Tommy Blomkvist;rännil dimma dunge olika mjuka smultron gör mot.
meeting_10000127;user_demo_comp_cct_10000126;Adina Sandström;demo_comp_cct_10000144;Adina Sandström;2020-04-13 12:30;0.5;Requested by applicant;demo_comp_cct_10000018;Org HELSINGBORG         ;Möte med Adina Sandström;verkligen flera annat rännil har sitt, rot annat.
meeting_10000128;user_demo_comp_cct_10000127;Diana Selberg;demo_comp_cct_10000145;Diana Selberg;2020-04-16 13:30;0.5;Requested by applicant;demo_comp_cct_10000001;Org PILGRIMSTAD         ;Möte med Diana Selberg;när mjuka oss vidsträckt dimma precis, sista vid,.
meeting_10000129;user_demo_comp_cct_10000128;Marcus Vik;demo_comp_cct_10000146;Marcus Vik;2020-04-17 17:30;0.5;Requested by applicant;demo_comp_cct_10000002;Org HUDIKSVALL          ;Möte med Marcus Vik;kanske stora miljoner hav dag räv det Mjuka.
meeting_10000130;user_demo_comp_cct_10000129;Kristian Svärd;demo_comp_cct_10000147;Kristian Svärd;2020-04-09 18:30;0.5;Requested by applicant;demo_comp_cct_10000003;Org HAPARANDA           ;Möte med Kristian Svärd;kanske vi, verkligen och tre kom gör i,..
meeting_10000131;user_demo_comp_cct_10000130;Folke Roth;demo_comp_cct_10000148;Folke Roth;2020-04-08 16:30;0.5;Requested by applicant;demo_comp_cct_10000004;Org ULRICEHAMN          ;Möte med Folke Roth;bland kom ska olika häst där regn inom.
meeting_10000132;user_demo_comp_cct_10000131;Aleksander Klang;demo_comp_cct_10000149;Aleksander Klang;2020-04-13 18:00;0.5;Requested by applicant;demo_comp_cct_10000005;Org VÅRGÅRDA            ;Möte med Aleksander Klang;varit ännu. Hans dock varit sjö, brunsås del.
meeting_10000133;user_demo_comp_cct_10000132;Malcolm Abrahamsson;demo_comp_cct_10000150;Malcolm Abrahamsson;2020-04-06 10:30;0.5;Requested by applicant;demo_comp_cct_10000006;Org VÅRBY               ;Möte med Malcolm Abrahamsson;dimmhöljd i jäst redan, göras tid hav dimma.
meeting_10000134;user_demo_comp_cct_10000133;Sigge Nyqvist;demo_comp_cct_10000151;Sigge Nyqvist;2020-04-07 11:30;0.5;Requested by applicant;demo_comp_cct_10000007;Org JÖNKÖPING           ;Möte med Sigge Nyqvist;annat blev regn och och Denna samma regn.
meeting_10000135;user_demo_comp_cct_10000134;Iza Frid;demo_comp_cct_10000152;Iza Frid;2020-04-15 20:00;0.5;Requested by applicant;demo_comp_cct_10000008;Org HAVDHEM             ;Möte med Iza Frid;trevnadens. genom vemod så rot söka mot faktor.
meeting_10000136;user_demo_comp_cct_10000135;Aina Davidsson;demo_comp_cct_10000153;Aina Davidsson;2020-04-13 17:30;0.5;Requested by applicant;demo_comp_cct_10000009;Org NORRKÖPING          ;Möte med Aina Davidsson;redan bra blivit kom kan räv tre flera.
meeting_10000137;user_demo_comp_cct_10000136;Isac Rasmussen;demo_comp_cct_10000154;Isac Rasmussen;2020-04-07 15:30;0.5;Requested by applicant;demo_comp_cct_10000010;Org PARTILLE            ;Möte med Isac Rasmussen;varit där. se rot dag varit kunde. annan.
meeting_10000138;user_demo_comp_cct_10000137;Salma Bengtsson;demo_comp_cct_10000155;Salma Bengtsson;2020-04-10 10:30;0.5;Requested by applicant;demo_comp_cct_10000011;Org UPPSALA             ;Möte med Salma Bengtsson;hela när har gamla oss ska bland flera.
meeting_10000139;user_demo_comp_cct_10000138;Eleonora Zander;demo_comp_cct_10000156;Eleonora Zander;2020-04-16 19:00;0.5;Requested by applicant;demo_comp_cct_10000012;Org KÄVLINGE            ;Möte med Eleonora Zander;samma, enligt annan faktor tiden ingalunda sista flera.
meeting_10000140;user_demo_comp_cct_10000139;Tess Wendel;demo_comp_cct_10000157;Tess Wendel;2020-04-14 12:00;0.5;Requested by applicant;demo_comp_cct_10000013;Org EMMABODA            ;Möte med Tess Wendel;strand Blev enligt samtidigt dimmhöljd sällan där rot.
meeting_10000141;user_demo_comp_cct_10000140;Jamie Karlén;demo_comp_cct_10000158;Jamie Karlén;2020-04-08 14:30;0.5;Requested by applicant;demo_comp_cct_10000014;Org JÄRLÅSA             ;Möte med Jamie Karlén;flera inom, När hwila kunde händer blivit precis.
meeting_10000142;user_demo_comp_cct_10000141;Xavier Johnsson;demo_comp_cct_10000159;Xavier Johnsson;2020-04-15 08:30;0.5;Requested by applicant;demo_comp_cct_10000015;Org NACKA               ;Möte med Xavier Johnsson;gör Rot rännil hwila rot mjuka nya rot.
meeting_10000143;user_demo_comp_cct_10000142;Ville Cederberg;demo_comp_cct_10000160;Ville Cederberg;2020-04-14 19:00;0.5;Requested by applicant;demo_comp_cct_10000016;Org GÖTEBORG            ;Möte med Ville Cederberg;Bra del enligt tiden Stig om. genom är.
meeting_10000144;user_demo_comp_cct_10000143;Billy Glad;demo_comp_cct_10000161;Billy Glad;2020-04-16 13:00;0.5;Requested by applicant;demo_comp_cct_10000017;Org HÄSSELBY            ;Möte med Billy Glad;ta, på björnbär på kan, denna Upprätthållande inom.
meeting_10000145;user_demo_comp_cct_10000144;Nikolaj Fagerström;demo_comp_cct_10000162;Nikolaj Fagerström;2020-04-08 18:30;0.5;Requested by applicant;demo_comp_cct_10000018;Org HELSINGBORG         ;Möte med Nikolaj Fagerström;inom nya hav. kanske själv del Upprätthållande sista,.
meeting_10000146;user_demo_comp_cct_10000145;Tore Lindström;demo_comp_cct_10000163;Tore Lindström;2020-04-09 12:00;0.5;Requested by applicant;demo_comp_cct_10000001;Org PILGRIMSTAD         ;Möte med Tore Lindström;när trevnadens dock dimma dag kunde annan inom.
meeting_10000147;user_demo_comp_cct_10000146;Lejla Wennerberg;demo_comp_cct_10000164;Lejla Wennerberg;2020-04-17 19:30;0.5;Requested by applicant;demo_comp_cct_10000002;Org HUDIKSVALL          ;Möte med Lejla Wennerberg;vemod genom annan färdväg är år björnbär sorgliga.
meeting_10000148;user_demo_comp_cct_10000147;Maija Hallman;demo_comp_cct_10000165;Maija Hallman;2020-04-08 15:00;0.5;Requested by applicant;demo_comp_cct_10000003;Org HAPARANDA           ;Möte med Maija Hallman;så Fram Kanske samma därmed, annat Hwila oss.
meeting_10000149;user_demo_comp_cct_10000148;Seth Håll;demo_comp_cct_10000166;Seth Håll;2020-04-16 13:30;0.5;Requested by applicant;demo_comp_cct_10000004;Org ULRICEHAMN          ;Möte med Seth Håll;där dock och, räv där kunde ingalunda oss.
meeting_10000150;user_demo_comp_cct_10000149;Amelia Lindroth;demo_comp_cct_10000167;Amelia Lindroth;2020-04-13 10:00;0.5;Requested by applicant;demo_comp_cct_10000005;Org VÅRGÅRDA            ;Möte med Amelia Lindroth;söka, tre rot hwila hav. om vi fram.
meeting_10000151;user_demo_comp_cct_10000150;Muhammed Löfberg;demo_comp_cct_10000168;Muhammed Löfberg;2020-04-15 17:00;0.5;Requested by applicant;demo_comp_cct_10000006;Org VÅRBY               ;Möte med Muhammed Löfberg;när trevnadens. trevnadens annat hela ser olika, verkligen.
meeting_10000152;user_demo_comp_cct_10000151;Reine Malm;demo_comp_cct_10000169;Reine Malm;2020-04-16 13:30;0.5;Requested by applicant;demo_comp_cct_10000007;Org JÖNKÖPING           ;Möte med Reine Malm;kom åker kunde hans från, sällan träutensilierna Bra.
meeting_10000153;user_demo_comp_cct_10000152;Manne Wallén;demo_comp_cct_10000170;Manne Wallén;2020-04-13 18:30;0.5;Requested by applicant;demo_comp_cct_10000008;Org HAVDHEM             ;Möte med Manne Wallén;där fram erfarenheter så samtidigt blivit dimma flera.
meeting_10000154;user_demo_comp_cct_10000153;Leiah Appelqvist;demo_comp_cct_10000171;Leiah Appelqvist;2020-04-09 19:30;0.5;Requested by applicant;demo_comp_cct_10000009;Org NORRKÖPING          ;Möte med Leiah Appelqvist;mjuka därmed mjuka häst där när genom är.
meeting_10000155;user_demo_comp_cct_10000154;Havin Sandqvist;demo_comp_cct_10000172;Havin Sandqvist;2020-04-15 10:00;0.5;Requested by applicant;demo_comp_cct_10000010;Org PARTILLE            ;Möte med Havin Sandqvist;gör dimma, färdväg, som annat ännu trevnadens där.
meeting_10000156;user_demo_comp_cct_10000155;Troy Berglin;demo_comp_cct_10000173;Troy Berglin;2020-04-17 18:00;0.5;Requested by applicant;demo_comp_cct_10000011;Org UPPSALA             ;Möte med Troy Berglin;som , kunde smultron samma del dag från.
meeting_10000157;user_demo_comp_cct_10000156;Matilda Bryngelsson;demo_comp_cct_10000174;Matilda Bryngelsson;2020-04-17 08:30;0.5;Requested by applicant;demo_comp_cct_10000012;Org KÄVLINGE            ;Möte med Matilda Bryngelsson;sin där träutensilierna där. samtidigt dock gör bra.
meeting_10000158;user_demo_comp_cct_10000157;Towa Bengtsson;demo_comp_cct_10000175;Towa Bengtsson;2020-04-06 13:30;0.5;Requested by applicant;demo_comp_cct_10000013;Org EMMABODA            ;Möte med Towa Bengtsson;därmed, där gör kom mot söka upprätthållande, sig.
meeting_10000159;user_demo_comp_cct_10000158;Adèle Rönnbäck;demo_comp_cct_10000176;Adèle Rönnbäck;2020-04-13 12:00;0.5;Requested by applicant;demo_comp_cct_10000014;Org JÄRLÅSA             ;Möte med Adèle Rönnbäck;ska Rot dag själv. söka, mjuka, redan, Del.
meeting_10000160;user_demo_comp_cct_10000159;Melvin Svensk;demo_comp_cct_10000177;Melvin Svensk;2020-04-13 10:00;0.5;Requested by applicant;demo_comp_cct_10000015;Org NACKA               ;Möte med Melvin Svensk;smultron flera söka att från ordningens hans hav.
meeting_10000161;user_demo_comp_cct_10000160;Ilona Albertsson;demo_comp_cct_10000178;Ilona Albertsson;2020-04-10 14:30;0.5;Requested by applicant;demo_comp_cct_10000016;Org GÖTEBORG            ;Möte med Ilona Albertsson;hans ska tiden dag ser ännu gör. sista,.
meeting_10000162;user_demo_comp_cct_10000161;Fiona Andrén;demo_comp_cct_10000179;Fiona Andrén;2020-04-09 13:00;0.5;Requested by applicant;demo_comp_cct_10000017;Org HÄSSELBY            ;Möte med Fiona Andrén;dag som att sax. därmed ännu där strand.
meeting_10000163;user_demo_comp_cct_10000162;Manfred Strand;demo_comp_cct_10000180;Manfred Strand;2020-04-07 18:30;0.5;Requested by applicant;demo_comp_cct_10000018;Org HELSINGBORG         ;Möte med Manfred Strand;fram rännil helt dimma ska tidigare dag samtidigt.
meeting_10000164;user_demo_comp_cct_10000163;Sabina Käck;demo_comp_cct_10000181;Sabina Käck;2020-04-13 19:30;0.5;Requested by applicant;demo_comp_cct_10000001;Org PILGRIMSTAD         ;Möte med Sabina Käck;vi när vidsträckt som ta smultron ta genom,.
meeting_10000165;user_demo_comp_cct_10000164;Sara Granath;demo_comp_cct_10000182;Sara Granath;2020-04-14 20:00;0.5;Requested by applicant;demo_comp_cct_10000002;Org HUDIKSVALL          ;Möte med Sara Granath;i rot bra kom rännil när vemod oss.
meeting_10000166;user_demo_comp_cct_10000165;Zahra Holmgren;demo_comp_cct_10000183;Zahra Holmgren;2020-04-13 18:30;0.5;Requested by applicant;demo_comp_cct_10000003;Org HAPARANDA           ;Möte med Zahra Holmgren;kunde varit Att brunsås gör. är där. trevnadens.
meeting_10000167;user_demo_comp_cct_10000166;Eila Fernström;demo_comp_cct_10000184;Eila Fernström;2020-04-14 09:30;0.5;Requested by applicant;demo_comp_cct_10000004;Org ULRICEHAMN          ;Möte med Eila Fernström;och sista kan kan redan sax har Del.
meeting_10000168;user_demo_comp_cct_10000167;David Carlén;demo_comp_cct_10000185;David Carlén;2020-04-15 15:30;0.5;Requested by applicant;demo_comp_cct_10000005;Org VÅRGÅRDA            ;Möte med David Carlén;del Hav brunsås mot blev Flera kom Hans.
meeting_10000169;user_demo_comp_cct_10000168;Thea Bergkvist;demo_comp_cct_10000186;Thea Bergkvist;2020-04-17 13:00;0.5;Requested by applicant;demo_comp_cct_10000006;Org VÅRBY               ;Möte med Thea Bergkvist;mot kanske stora nya sin icke fram. det.
meeting_10000170;user_demo_comp_cct_10000169;Stefan Haglund;demo_comp_cct_10000187;Stefan Haglund;2020-04-10 09:30;0.5;Requested by applicant;demo_comp_cct_10000007;Org JÖNKÖPING           ;Möte med Stefan Haglund;när hav. Att plats själv. fram hwila vid.
meeting_10000171;user_demo_comp_cct_10000170;Athena Källgren;demo_comp_cct_10000188;Athena Källgren;2020-04-10 14:30;0.5;Requested by applicant;demo_comp_cct_10000008;Org HAVDHEM             ;Möte med Athena Källgren;dag ska händer sax. kunde söka denna strand.
meeting_10000172;user_demo_comp_cct_10000171;Aprilia Dahlström;demo_comp_cct_10000189;Aprilia Dahlström;2020-04-17 16:00;0.5;Requested by applicant;demo_comp_cct_10000009;Org NORRKÖPING          ;Möte med Aprilia Dahlström;vi faktor Rot vi annat det upprätthållande både.
meeting_10000173;user_demo_comp_cct_10000172;Camilla Ahlström;demo_comp_cct_10000190;Camilla Ahlström;2020-04-13 16:00;0.5;Requested by applicant;demo_comp_cct_10000010;Org PARTILLE            ;Möte med Camilla Ahlström;När på rännil därmed sista, redan oss faktor.
meeting_10000174;user_demo_comp_cct_10000173;Jill Folkesson;demo_comp_cct_10000191;Jill Folkesson;2020-04-09 11:00;0.5;Requested by applicant;demo_comp_cct_10000011;Org UPPSALA             ;Möte med Jill Folkesson;i tid. flera jäst sitt färdväg det kanske.
meeting_10000175;user_demo_comp_cct_10000174;Emir Bergvall;demo_comp_cct_10000192;Emir Bergvall;2020-04-16 09:30;0.5;Requested by applicant;demo_comp_cct_10000012;Org KÄVLINGE            ;Möte med Emir Bergvall;det vid är fram både dunge kom hans,.
meeting_10000176;user_demo_comp_cct_10000175;Omar Löngström;demo_comp_cct_10000193;Omar Löngström;2020-04-10 11:30;0.5;Requested by applicant;demo_comp_cct_10000013;Org EMMABODA            ;Möte med Omar Löngström;därmed när bra oss trevnadens tidigare. från faktor.
meeting_10000177;user_demo_comp_cct_10000176;Emre Kleverö;demo_comp_cct_10000194;Emre Kleverö;2020-04-08 15:30;0.5;Requested by applicant;demo_comp_cct_10000014;Org JÄRLÅSA             ;Möte med Emre Kleverö;hwila mjuka, som mot inom, som, smultron faktor,.
meeting_10000178;user_demo_comp_cct_10000177;Chanel Samuelsson;demo_comp_cct_10000195;Chanel Samuelsson;2020-04-06 14:30;0.5;Requested by applicant;demo_comp_cct_10000015;Org NACKA               ;Möte med Chanel Samuelsson;har som att hav ännu kom kom oss.
meeting_10000179;user_demo_comp_cct_10000178;Izabelle Thorsson;demo_comp_cct_10000196;Izabelle Thorsson;2020-04-06 15:30;0.5;Requested by applicant;demo_comp_cct_10000016;Org GÖTEBORG            ;Möte med Izabelle Thorsson;tiden jäst sitt, kom rot varit del tidigare.
meeting_10000180;user_demo_comp_cct_10000179;Zoe Hilmersson;demo_comp_cct_10000197;Zoe Hilmersson;2020-04-16 14:00;0.5;Requested by applicant;demo_comp_cct_10000017;Org HÄSSELBY            ;Möte med Zoe Hilmersson;på. äng, dunge både för gamla vemod, del..
meeting_10000181;user_demo_comp_cct_10000180;Alexis Knutsson;demo_comp_cct_10000198;Alexis Knutsson;2020-04-16 12:30;0.5;Requested by applicant;demo_comp_cct_10000018;Org HELSINGBORG         ;Möte med Alexis Knutsson;fram. precis nu icke. mot av dimma, vemod.
meeting_10000182;user_demo_comp_cct_10000181;Petra Gunnarsson;demo_comp_cct_10000199;Petra Gunnarsson;2020-04-09 17:30;0.5;Requested by applicant;demo_comp_cct_10000001;Org PILGRIMSTAD         ;Möte med Petra Gunnarsson;hwila räv av själv ska tidigare se om.
meeting_10000183;user_demo_comp_cct_10000182;Stefan Bruhn;demo_comp_cct_10000200;Stefan Bruhn;2020-04-14 13:00;0.5;Requested by applicant;demo_comp_cct_10000002;Org HUDIKSVALL          ;Möte med Stefan Bruhn;vemod hav sällan, ska Mjuka fram dag flera.
meeting_10000184;user_demo_comp_cct_10000183;Tanja Wester;demo_comp_cct_10000201;Tanja Wester;2020-04-16 17:30;0.5;Requested by applicant;demo_comp_cct_10000003;Org HAPARANDA           ;Möte med Tanja Wester;tid smultron precis blivit nya del nya annan.
meeting_10000185;user_demo_comp_cct_10000184;Amela Åstrand;demo_comp_cct_10000202;Amela Åstrand;2020-04-06 11:30;0.5;Requested by applicant;demo_comp_cct_10000004;Org ULRICEHAMN          ;Möte med Amela Åstrand;icke tiden mot denna från del strand strand.
meeting_10000186;user_demo_comp_cct_10000185;Elof Åkerberg;demo_comp_cct_10000203;Elof Åkerberg;2020-04-14 16:30;0.5;Requested by applicant;demo_comp_cct_10000005;Org VÅRGÅRDA            ;Möte med Elof Åkerberg;gör att hav. olika vemod från flera för.
meeting_10000187;user_demo_comp_cct_10000186;Bruno Söderqvist;demo_comp_cct_10000204;Bruno Söderqvist;2020-04-13 09:00;0.5;Requested by applicant;demo_comp_cct_10000006;Org VÅRBY               ;Möte med Bruno Söderqvist;vemod, ska vemod vemod blev miljoner strand del,.
meeting_10000188;user_demo_comp_cct_10000187;Edvard Stoltz;demo_comp_cct_10000205;Edvard Stoltz;2020-04-07 16:00;0.5;Requested by applicant;demo_comp_cct_10000007;Org JÖNKÖPING           ;Möte med Edvard Stoltz;stig ännu. dock för sista rännil blev del.
meeting_10000189;user_demo_comp_cct_10000188;Denis Nordstrand;demo_comp_cct_10000206;Denis Nordstrand;2020-04-14 16:00;0.5;Requested by applicant;demo_comp_cct_10000008;Org HAVDHEM             ;Möte med Denis Nordstrand;tre flera har söka som Blivit del dimma.
meeting_10000190;user_demo_comp_cct_10000189;Juno Löfgren;demo_comp_cct_10000207;Juno Löfgren;2020-04-14 18:00;0.5;Requested by applicant;demo_comp_cct_10000009;Org NORRKÖPING          ;Möte med Juno Löfgren;sorgliga färdväg det enligt. söka har hans nu..
meeting_10000191;user_demo_comp_cct_10000190;Liv Lindroth;demo_comp_cct_10000208;Liv Lindroth;2020-04-16 10:00;0.5;Requested by applicant;demo_comp_cct_10000010;Org PARTILLE            ;Möte med Liv Lindroth;Bra vad ännu flera sällan från bäckasiner samtidigt.
meeting_10000192;user_demo_comp_cct_10000191;Jessica Schmidt;demo_comp_cct_10000209;Jessica Schmidt;2020-04-09 20:00;0.5;Requested by applicant;demo_comp_cct_10000011;Org UPPSALA             ;Möte med Jessica Schmidt;mjuka nya äng äng blev mjuka. tiden tid,.
meeting_10000193;user_demo_comp_cct_10000192;Malou Birgersson;demo_comp_cct_10000210;Malou Birgersson;2020-04-17 19:00;0.5;Requested by applicant;demo_comp_cct_10000012;Org KÄVLINGE            ;Möte med Malou Birgersson;för bland, om bland mjuka trevnadens hav. kom.
meeting_10000194;user_demo_comp_cct_10000193;Jonatan Lindholm;demo_comp_cct_10000211;Jonatan Lindholm;2020-04-13 08:00;0.5;Requested by applicant;demo_comp_cct_10000013;Org EMMABODA            ;Möte med Jonatan Lindholm;samtidigt dag kom kom dimma har för så.
meeting_10000195;user_demo_comp_cct_10000194;Hektor Cedergren;demo_comp_cct_10000212;Hektor Cedergren;2020-04-14 08:30;0.5;Requested by applicant;demo_comp_cct_10000014;Org JÄRLÅSA             ;Möte med Hektor Cedergren;ännu ska sig enligt blivit se. brunsås sjö..
meeting_10000196;user_demo_comp_cct_10000195;Betty Boberg;demo_comp_cct_10000213;Betty Boberg;2020-04-07 13:00;0.5;Requested by applicant;demo_comp_cct_10000015;Org NACKA               ;Möte med Betty Boberg;del. rännil hwila, hav tidigare flera häst som.
meeting_10000197;user_demo_comp_cct_10000196;Elna Sundberg;demo_comp_cct_10000214;Elna Sundberg;2020-04-13 09:30;0.5;Requested by applicant;demo_comp_cct_10000016;Org GÖTEBORG            ;Möte med Elna Sundberg;som groda vi tiden tre När som Dagamteckning.
meeting_10000198;user_demo_comp_cct_10000197;Leona Hed;demo_comp_cct_10000215;Leona Hed;2020-04-14 11:30;0.5;Requested by applicant;demo_comp_cct_10000017;Org HÄSSELBY            ;Möte med Leona Hed;regn ser blev sorgliga verkligen samma gör rännil.
meeting_10000199;user_demo_comp_cct_10000198;Elvira Björnsson;demo_comp_cct_10000216;Elvira Björnsson;2020-04-17 19:00;0.5;Requested by applicant;demo_comp_cct_10000018;Org HELSINGBORG         ;Möte med Elvira Björnsson;tidigare hwila som Blivit faktor, annat tiden Gör.
meeting_10000200;user_demo_comp_cct_10000199;Oskar Näsström;demo_comp_cct_10000217;Oskar Näsström;2020-04-09 15:00;0.5;Requested by applicant;demo_comp_cct_10000001;Org PILGRIMSTAD         ;Möte med Oskar Näsström;dock Blivit kan erfarenheter nya dag upprätthållande dimma.
meeting_10000201;user_demo_comp_cct_10000200;Alexia Nordling;demo_comp_cct_10000218;Alexia Nordling;2020-04-07 08:30;0.5;Requested by applicant;demo_comp_cct_10000002;Org HUDIKSVALL          ;Möte med Alexia Nordling;sällan, att i är sig ska söka hela.
meeting_10000202;user_demo_comp_cct_10000201;Jakob Landén;demo_comp_cct_10000219;Jakob Landén;2020-04-09 13:30;0.5;Requested by applicant;demo_comp_cct_10000003;Org HAPARANDA           ;Möte med Jakob Landén;rännil häst om samma annat om kom dag.
meeting_10000203;user_demo_comp_cct_10000202;Ove Nylund;demo_comp_cct_10000220;Ove Nylund;2020-04-08 11:30;0.5;Requested by applicant;demo_comp_cct_10000004;Org ULRICEHAMN          ;Möte med Ove Nylund;miljoner dock ska dimmhöljd fram. dag och verkligen.
meeting_10000204;user_demo_comp_cct_10000203;Nova Näsman;demo_comp_cct_10000221;Nova Näsman;2020-04-07 11:00;0.5;Requested by applicant;demo_comp_cct_10000005;Org VÅRGÅRDA            ;Möte med Nova Näsman;groda Att björnbär i som ska ordningens ska.
meeting_10000205;user_demo_comp_cct_10000204;Marcus Lovén;demo_comp_cct_10000222;Marcus Lovén;2020-04-16 10:30;0.5;Requested by applicant;demo_comp_cct_10000006;Org VÅRBY               ;Möte med Marcus Lovén;dag redan genom mjuka, ännu dock Genom hwila.
meeting_10000206;user_demo_comp_cct_10000205;Michaela Söderlund;demo_comp_cct_10000223;Michaela Söderlund;2020-04-16 19:30;0.5;Requested by applicant;demo_comp_cct_10000007;Org JÖNKÖPING           ;Möte med Michaela Söderlund;räv upprätthållande björnbär och flera dunge se om.
meeting_10000207;user_demo_comp_cct_10000206;Valentin Lundkvist;demo_comp_cct_10000224;Valentin Lundkvist;2020-04-08 09:00;0.5;Requested by applicant;demo_comp_cct_10000008;Org HAVDHEM             ;Möte med Valentin Lundkvist;ordningens verkligen, år om det stig hans kan.
meeting_10000208;user_demo_comp_cct_10000207;Stellan Franzén;demo_comp_cct_10000225;Stellan Franzén;2020-04-09 16:30;0.5;Requested by applicant;demo_comp_cct_10000009;Org NORRKÖPING          ;Möte med Stellan Franzén;hans del del har dimma, tid ta hans,.
meeting_10000209;user_demo_comp_cct_10000208;Holmfrid Forsmark;demo_comp_cct_10000226;Holmfrid Forsmark;2020-04-16 09:00;0.5;Requested by applicant;demo_comp_cct_10000010;Org PARTILLE            ;Möte med Holmfrid Forsmark;ännu stora icke. del redan sjö, tidigare redan.
meeting_10000210;user_demo_comp_cct_10000209;Ivar Lundqvist;demo_comp_cct_10000227;Ivar Lundqvist;2020-04-15 19:30;0.5;Requested by applicant;demo_comp_cct_10000011;Org UPPSALA             ;Möte med Ivar Lundqvist;se. bäckasiner Del inom hwila sista tidigare räv.
meeting_10000211;user_demo_comp_cct_10000210;Jonna Elfström;demo_comp_cct_10000228;Jonna Elfström;2020-04-06 12:00;0.5;Requested by applicant;demo_comp_cct_10000012;Org KÄVLINGE            ;Möte med Jonna Elfström;är Har Annat åker. samma år samma hela.
meeting_10000212;user_demo_comp_cct_10000211;Ines Östling;demo_comp_cct_10000229;Ines Östling;2020-04-08 16:00;0.5;Requested by applicant;demo_comp_cct_10000013;Org EMMABODA            ;Möte med Ines Östling;sig hela blev söka ska dunge fram sällan.
meeting_10000213;user_demo_comp_cct_10000212;Robert Kristoffersson;demo_comp_cct_10000230;Robert Kristoffersson;2020-04-13 15:30;0.5;Requested by applicant;demo_comp_cct_10000014;Org JÄRLÅSA             ;Möte med Robert Kristoffersson;icke nu. oss för bäckasiner hav dunge där.
meeting_10000214;user_demo_comp_cct_10000213;Helga Åkerman;demo_comp_cct_10000231;Helga Åkerman;2020-04-14 14:00;0.5;Requested by applicant;demo_comp_cct_10000015;Org NACKA               ;Möte med Helga Åkerman;av oss tre vemod vemod, äng, annat ta.
meeting_10000215;user_demo_comp_cct_10000214;Olov Palmér;demo_comp_cct_10000232;Olov Palmér;2020-04-15 15:30;0.5;Requested by applicant;demo_comp_cct_10000016;Org GÖTEBORG            ;Möte med Olov Palmér;dunge Hwila inom hav. träutensilierna. vi som sig.
meeting_10000216;user_demo_comp_cct_10000215;Lorentz Sundell;demo_comp_cct_10000233;Lorentz Sundell;2020-04-15 10:00;0.5;Requested by applicant;demo_comp_cct_10000017;Org HÄSSELBY            ;Möte med Lorentz Sundell;regn sista oss blivit i dimmhöljd som söka.
meeting_10000217;user_demo_comp_cct_10000216;Thelise Steen;demo_comp_cct_10000234;Thelise Steen;2020-04-17 18:00;0.5;Requested by applicant;demo_comp_cct_10000018;Org HELSINGBORG         ;Möte med Thelise Steen;är strand se träutensilierna se både tre mjuka.
meeting_10000218;user_demo_comp_cct_10000217;Esma Nyholm;demo_comp_cct_10000235;Esma Nyholm;2020-04-13 10:30;0.5;Requested by applicant;demo_comp_cct_10000001;Org PILGRIMSTAD         ;Möte med Esma Nyholm;sista Brunsås blev söka, hwila, del sig sin.
meeting_10000219;user_demo_comp_cct_10000218;Erica Söderqvist;demo_comp_cct_10000236;Erica Söderqvist;2020-04-14 19:00;0.5;Requested by applicant;demo_comp_cct_10000002;Org HUDIKSVALL          ;Möte med Erica Söderqvist;gör tidigare helt hav enligt ordningens vad sjö.
meeting_10000220;user_demo_comp_cct_10000219;Abraham Edvinsson;demo_comp_cct_10000237;Abraham Edvinsson;2020-04-16 13:30;0.5;Requested by applicant;demo_comp_cct_10000003;Org HAPARANDA           ;Möte med Abraham Edvinsson;vemod både oss att enligt samma erfarenheter fram.
meeting_10000221;user_demo_comp_cct_10000220;Aurora Palmqvist;demo_comp_cct_10000238;Aurora Palmqvist;2020-04-17 16:00;0.5;Requested by applicant;demo_comp_cct_10000004;Org ULRICEHAMN          ;Möte med Aurora Palmqvist;tid, dimma räv söka, ordningens stig flera genom.
meeting_10000222;user_demo_comp_cct_10000221;Ariana Nylander;demo_comp_cct_10000239;Ariana Nylander;2020-04-17 15:00;0.5;Requested by applicant;demo_comp_cct_10000005;Org VÅRGÅRDA            ;Möte med Ariana Nylander;har kom stora kan och regn det flera.
;;;;;;;;;;;
;;;;;;;;;;;
;;;;;;;;;;;
;;;;;;;;;;;
;;;;;;;;;;;
;;;;;;;;;;;
;;;;;;;;;;;
;;;;;;;;;;;
;;;;;;;;;;;
;;;;;;;;;;;
;;;;;;;;;;;
;;;;;;;;;;;
;;;;;;;;;;;
;;;;;;;;;;;
;;;;;;;;;;;
;;;;;;;;;;;
;;;;;;;;;;;
;;;;;;;;;;;
;;;;;;;;;;;
;;;;;;;;;;;
;;;;;;;;;;;
;;;;;;;;;;;
;;;;;;;;;;;
;;;;;;;;;;;
;;;;;;;;;;;
;;;;;;;;;;;
;;;;;;;;;;;
;;;;;;;;;;;
;;;;;;;;;;;
;;;;;;;;;;;
;;;;;;;;;;;
;;;;;;;;;;;
;;;;;;;;;;;
;;;;;;;;;;;
;;;;;;;;;;;
;;;;;;;;;;;
;;;;;;;;;;;
;;;;;;;;;;;
;;;;;;;;;;;
;;;;;;;;;;;
;;;;;;;;;;;
;;;;;;;;;;;
;;;;;;;;;;;
;;;;;;;;;;;
;;;;;;;;;;;
;;;;;;;;;;;
;;;;;;;;;;;
;;;;;;;;;;;
;;;;;;;;;;;
;;;;;;;;;;;
;;;;;;;;;;;
;;;;;;;;;;;
;;;;;;;;;;;
;;;;;;;;;;;
;;;;;;;;;;;
;;;;;;;;;;;
;;;;;;;;;;;
;;;;;;;;;;;
;;;;;;;;;;;
;;;;;;;;;;;
;;;;;;;;;;;
;;;;;;;;;;;
;;;;;;;;;;;
