id;name;work_email;address_home_id/id;user_id/id;user_id;department_id/id;parent_id/id;address_home_id;job_id/id;job_id
demo_emp_10000018;Ronya Liljedahl emp;user_demo_comp_cct_10000001;Ronya Liljedahl usr ;demo_emp_cct_10000018;Org PILGRIMSTAD         ;demo_comp_cct_10000001;Org PILGRIMSTAD         ;0;0;0
demo_emp_10000019;Sten Tuvesson emp;user_demo_comp_cct_10000002;Sten Tuvesson usr ;demo_emp_cct_10000019;Org HUDIKSVALL          ;demo_comp_cct_10000002;Org HUDIKSVALL          ;0;0;0
demo_emp_10000020;Ronald Karlström emp;user_demo_comp_cct_10000003;Ronald Karlström usr ;demo_emp_cct_10000020;Org HAPARANDA           ;demo_comp_cct_10000003;Org HAPARANDA           ;0;0;0
demo_emp_10000021;Jacob Nordin emp;user_demo_comp_cct_10000004;Jacob Nordin usr ;demo_emp_cct_10000021;Org ULRICEHAMN          ;demo_comp_cct_10000004;Org ULRICEHAMN          ;0;0;0
demo_emp_10000022;Mira Edvardsson emp;user_demo_comp_cct_10000005;Mira Edvardsson usr ;demo_emp_cct_10000022;Org VÅRGÅRDA            ;demo_comp_cct_10000005;Org VÅRGÅRDA            ;0;0;0
demo_emp_10000023;Anselm Björnberg emp;user_demo_comp_cct_10000006;Anselm Björnberg usr ;demo_emp_cct_10000023;Org VÅRBY               ;demo_comp_cct_10000006;Org VÅRBY               ;0;0;0
demo_emp_10000024;Niclas Hedqvist emp;user_demo_comp_cct_10000007;Niclas Hedqvist usr ;demo_emp_cct_10000024;Org JÖNKÖPING           ;demo_comp_cct_10000007;Org JÖNKÖPING           ;0;0;0
demo_emp_10000025;Grace Bark emp;user_demo_comp_cct_10000008;Grace Bark usr ;demo_emp_cct_10000025;Org HAVDHEM             ;demo_comp_cct_10000008;Org HAVDHEM             ;0;0;0
demo_emp_10000026;Gloria Fransson emp;user_demo_comp_cct_10000009;Gloria Fransson usr ;demo_emp_cct_10000026;Org NORRKÖPING          ;demo_comp_cct_10000009;Org NORRKÖPING          ;0;0;0
demo_emp_10000027;Veronica Back emp;user_demo_comp_cct_10000010;Veronica Back usr ;demo_emp_cct_10000027;Org PARTILLE            ;demo_comp_cct_10000010;Org PARTILLE            ;0;0;0
demo_emp_10000028;Gry Brodin emp;user_demo_comp_cct_10000011;Gry Brodin usr ;demo_emp_cct_10000028;Org UPPSALA             ;demo_comp_cct_10000011;Org UPPSALA             ;0;0;0
demo_emp_10000029;Therése Lindén emp;user_demo_comp_cct_10000012;Therése Lindén usr ;demo_emp_cct_10000029;Org KÄVLINGE            ;demo_comp_cct_10000012;Org KÄVLINGE            ;0;0;0
demo_emp_10000030;Kira Ryd emp;user_demo_comp_cct_10000013;Kira Ryd usr ;demo_emp_cct_10000030;Org EMMABODA            ;demo_comp_cct_10000013;Org EMMABODA            ;0;0;0
demo_emp_10000031;Karla Sjöholm emp;user_demo_comp_cct_10000014;Karla Sjöholm usr ;demo_emp_cct_10000031;Org JÄRLÅSA             ;demo_comp_cct_10000014;Org JÄRLÅSA             ;0;0;0
demo_emp_10000032;Alrik Lindkvist emp;user_demo_comp_cct_10000015;Alrik Lindkvist usr ;demo_emp_cct_10000032;Org NACKA               ;demo_comp_cct_10000015;Org NACKA               ;0;0;0
demo_emp_10000033;Nilla Bergendahl emp;user_demo_comp_cct_10000016;Nilla Bergendahl usr ;demo_emp_cct_10000033;Org GÖTEBORG            ;demo_comp_cct_10000016;Org GÖTEBORG            ;0;0;0
demo_emp_10000034;Albina Ek emp;user_demo_comp_cct_10000017;Albina Ek usr ;demo_emp_cct_10000034;Org HÄSSELBY            ;demo_comp_cct_10000017;Org HÄSSELBY            ;0;0;0
demo_emp_10000035;Rebecca Broman emp;user_demo_comp_cct_10000018;Rebecca Broman usr ;demo_emp_cct_10000035;Rebecca Broman emp;demo_comp_cct_10000018;Org HELSINGBORG         ;0;0;0
demo_emp_10000036;Norea Hed emp;user_demo_comp_cct_10000019;Ronya Liljedahl usr ;demo_emp_cct_10000036;demo_emp_cct_10000036;demo_comp_cct_10000019;Ronya Liljedahl;0;0;0
demo_emp_10000037;Gerda Selberg emp;user_demo_comp_cct_10000020;Gerda Selberg usr ;demo_emp_cct_10000037;Gerda Selberg emp;demo_comp_cct_10000020;Sten Tuvesson;0;0;0
demo_emp_10000038;Amelie Malmkvist emp;user_demo_comp_cct_10000021;Amelie Malmkvist;demo_emp_cct_10000038;Amelie Malmkvist emp;demo_comp_cct_10000021;Ronald Karlström;0;0;0
demo_emp_10000039;Vilhelm Bladh emp;user_demo_comp_cct_10000022;Vilhelm Bladh;demo_emp_cct_10000039;Vilhelm Bladh emp;demo_comp_cct_10000022;Jacob Nordin;0;0;0
demo_emp_10000040;Emily Nygren emp;user_demo_comp_cct_10000023;Emily Nygren;demo_emp_cct_10000040;Emily Nygren emp;demo_comp_cct_10000023;Mira Edvardsson;0;0;0
demo_emp_10000041;Athena Hellstrand emp;user_demo_comp_cct_10000024;Athena Hellstrand;demo_emp_cct_10000041;Athena Hellstrand emp;demo_comp_cct_10000024;Anselm Björnberg;0;0;0
demo_emp_10000042;Anastasija Niemi emp;user_demo_comp_cct_10000025;Anastasija Niemi;demo_emp_cct_10000042;Anastasija Niemi emp;demo_comp_cct_10000025;Niclas Hedqvist;0;0;0
demo_emp_10000043;Dominic Rosberg emp;user_demo_comp_cct_10000026;Dominic Rosberg;demo_emp_cct_10000043;Dominic Rosberg emp;demo_comp_cct_10000026;Grace Bark;0;0;0
demo_emp_10000044;Edmund Sigfridsson emp;user_demo_comp_cct_10000027;Edmund Sigfridsson;demo_emp_cct_10000044;Edmund Sigfridsson emp;demo_comp_cct_10000027;Gloria Fransson;0;0;0
demo_emp_10000045;Amanda Björn emp;user_demo_comp_cct_10000028;Amanda Björn;demo_emp_cct_10000045;Amanda Björn emp;demo_comp_cct_10000028;Veronica Back;0;0;0
demo_emp_10000046;Linnea Grönqvist emp;user_demo_comp_cct_10000029;Linnea Grönqvist;demo_emp_cct_10000046;Linnea Grönqvist emp;demo_comp_cct_10000029;Gry Brodin;0;0;0
demo_emp_10000047;Eliza Brodin emp;user_demo_comp_cct_10000030;Eliza Brodin;demo_emp_cct_10000047;Eliza Brodin emp;demo_comp_cct_10000030;Therése Lindén;0;0;0
demo_emp_10000048;Christian Mattsson emp;user_demo_comp_cct_10000031;Christian Mattsson;demo_emp_cct_10000048;Christian Mattsson emp;demo_comp_cct_10000031;Kira Ryd;0;0;0
demo_emp_10000049;Nicklas Adolfsson emp;user_demo_comp_cct_10000032;Nicklas Adolfsson;demo_emp_cct_10000049;Nicklas Adolfsson emp;demo_comp_cct_10000032;Karla Sjöholm;0;0;0
demo_emp_10000050;Destiny Öström emp;user_demo_comp_cct_10000033;Destiny Öström;demo_emp_cct_10000050;Destiny Öström emp;demo_comp_cct_10000033;Alrik Lindkvist;0;0;0
demo_emp_10000051;Hanin Olofsson emp;user_demo_comp_cct_10000034;Hanin Olofsson;demo_emp_cct_10000051;Hanin Olofsson emp;demo_comp_cct_10000034;Nilla Bergendahl;0;0;0
demo_emp_10000052;Mariam Ahlqvist emp;user_demo_comp_cct_10000035;Mariam Ahlqvist;demo_emp_cct_10000052;Mariam Ahlqvist emp;demo_comp_cct_10000035;Albina Ek;0;0;0
demo_emp_10000053;Conny Hågman emp;user_demo_comp_cct_10000036;Conny Hågman;demo_emp_cct_10000053;Conny Hågman emp;demo_comp_cct_10000036;Rebecca Broman;0;0;0
demo_emp_10000054;Tuva-Li Håkansson emp;user_demo_comp_cct_10000037;Tuva-Li Håkansson;demo_emp_cct_10000054;Tuva-Li Håkansson emp;demo_comp_cct_10000037;Norea Hed;0;0;0
demo_emp_10000055;Jenna Konradsson emp;user_demo_comp_cct_10000038;Jenna Konradsson;demo_emp_cct_10000055;Jenna Konradsson emp;demo_comp_cct_10000038;Gerda Selberg;0;0;0
demo_emp_10000056;Zoey Björn emp;user_demo_comp_cct_10000039;Zoey Björn;demo_emp_cct_10000056;Zoey Björn emp;demo_comp_cct_10000039;Amelie Malmkvist;0;0;0
demo_emp_10000057;Titus Boberg emp;user_demo_comp_cct_10000040;Titus Boberg;demo_emp_cct_10000057;Titus Boberg emp;demo_comp_cct_10000040;Vilhelm Bladh;0;0;0
demo_emp_10000058;Nea Gran emp;user_demo_comp_cct_10000041;Nea Gran;demo_emp_cct_10000058;Nea Gran emp;demo_comp_cct_10000041;Emily Nygren;0;0;0
demo_emp_10000059;Erica Sollerdahl emp;user_demo_comp_cct_10000042;Erica Sollerdahl;demo_emp_cct_10000059;Erica Sollerdahl emp;demo_comp_cct_10000042;Athena Hellstrand;0;0;0
demo_emp_10000060;Seved Fröjd emp;user_demo_comp_cct_10000043;Seved Fröjd;demo_emp_cct_10000060;Seved Fröjd emp;demo_comp_cct_10000043;Anastasija Niemi;0;0;0
demo_emp_10000061;Pixie Wiberg emp;user_demo_comp_cct_10000044;Pixie Wiberg;demo_emp_cct_10000061;Pixie Wiberg emp;demo_comp_cct_10000044;Dominic Rosberg;0;0;0
demo_emp_10000062;Jessie Hultman emp;user_demo_comp_cct_10000045;Jessie Hultman;demo_emp_cct_10000062;Jessie Hultman emp;demo_comp_cct_10000045;Edmund Sigfridsson;0;0;0
demo_emp_10000063;Juno Ljungberg emp;user_demo_comp_cct_10000046;Juno Ljungberg;demo_emp_cct_10000063;Juno Ljungberg emp;demo_comp_cct_10000046;Amanda Björn;0;0;0
demo_emp_10000064;Emanuel Lindman emp;user_demo_comp_cct_10000047;Emanuel Lindman;demo_emp_cct_10000064;Emanuel Lindman emp;demo_comp_cct_10000047;Linnea Grönqvist;0;0;0
demo_emp_10000065;Tom Holmer emp;user_demo_comp_cct_10000048;Tom Holmer;demo_emp_cct_10000065;Tom Holmer emp;demo_comp_cct_10000048;Eliza Brodin;0;0;0
demo_emp_10000066;Marcus Ljungdahl emp;user_demo_comp_cct_10000049;Marcus Ljungdahl;demo_emp_cct_10000066;Marcus Ljungdahl emp;demo_comp_cct_10000049;Christian Mattsson;0;0;0
demo_emp_10000067;Estelle Ring emp;user_demo_comp_cct_10000050;Estelle Ring;demo_emp_cct_10000067;Estelle Ring emp;demo_comp_cct_10000050;Nicklas Adolfsson;0;0;0
demo_emp_10000068;Miriam Tärnqvist emp;user_demo_comp_cct_10000051;Miriam Tärnqvist;demo_emp_cct_10000068;Miriam Tärnqvist emp;demo_comp_cct_10000051;Destiny Öström;0;0;0
demo_emp_10000069;Per Nordkvist emp;user_demo_comp_cct_10000052;Per Nordkvist;demo_emp_cct_10000069;Per Nordkvist emp;demo_comp_cct_10000052;Hanin Olofsson;0;0;0
demo_emp_10000070;Isabel Burström emp;user_demo_comp_cct_10000053;Isabel Burström;demo_emp_cct_10000070;Isabel Burström emp;demo_comp_cct_10000053;Mariam Ahlqvist;0;0;0
demo_emp_10000071;Melina Bäcklund emp;user_demo_comp_cct_10000054;Melina Bäcklund;demo_emp_cct_10000071;Melina Bäcklund emp;demo_comp_cct_10000054;Conny Hågman;0;0;0
demo_emp_10000072;Alvin Blomkvist emp;user_demo_comp_cct_10000055;Alvin Blomkvist;demo_emp_cct_10000072;Alvin Blomkvist emp;demo_comp_cct_10000055;Tuva-Li Håkansson;0;0;0
demo_emp_10000073;Natali Sahlén emp;user_demo_comp_cct_10000056;Natali Sahlén;demo_emp_cct_10000073;Natali Sahlén emp;demo_comp_cct_10000056;Jenna Konradsson;0;0;0
demo_emp_10000074;River Moberg emp;user_demo_comp_cct_10000057;River Moberg;demo_emp_cct_10000074;River Moberg emp;demo_comp_cct_10000057;Zoey Björn;0;0;0
demo_emp_10000075;Edward Sjökvist emp;user_demo_comp_cct_10000058;Edward Sjökvist;demo_emp_cct_10000075;Edward Sjökvist emp;demo_comp_cct_10000058;Titus Boberg;0;0;0
demo_emp_10000076;Eli Hågberg emp;user_demo_comp_cct_10000059;Eli Hågberg;demo_emp_cct_10000076;Eli Hågberg emp;demo_comp_cct_10000059;Nea Gran;0;0;0
demo_emp_10000077;Anya Ståhl emp;user_demo_comp_cct_10000060;Anya Ståhl;demo_emp_cct_10000077;Anya Ståhl emp;demo_comp_cct_10000060;Erica Sollerdahl;0;0;0
demo_emp_10000078;Baltsar Norberg emp;user_demo_comp_cct_10000061;Baltsar Norberg;demo_emp_cct_10000078;Baltsar Norberg emp;demo_comp_cct_10000061;Seved Fröjd;0;0;0
demo_emp_10000079;Helga Hedin emp;user_demo_comp_cct_10000062;Helga Hedin;demo_emp_cct_10000079;Helga Hedin emp;demo_comp_cct_10000062;Pixie Wiberg;0;0;0
demo_emp_10000080;Solveig Anell emp;user_demo_comp_cct_10000063;Solveig Anell;demo_emp_cct_10000080;Solveig Anell emp;demo_comp_cct_10000063;Jessie Hultman;0;0;0
demo_emp_10000081;Minja Broström emp;user_demo_comp_cct_10000064;Minja Broström;demo_emp_cct_10000081;Minja Broström emp;demo_comp_cct_10000064;Juno Ljungberg;0;0;0
demo_emp_10000082;Edward Kjellberg emp;user_demo_comp_cct_10000065;Edward Kjellberg;demo_emp_cct_10000082;Edward Kjellberg emp;demo_comp_cct_10000065;Emanuel Lindman;0;0;0
demo_emp_10000083;Louise Malmqvist emp;user_demo_comp_cct_10000066;Louise Malmqvist;demo_emp_cct_10000083;Louise Malmqvist emp;demo_comp_cct_10000066;Tom Holmer;0;0;0
demo_emp_10000084;Merve Vennberg emp;user_demo_comp_cct_10000067;Merve Vennberg;demo_emp_cct_10000084;Merve Vennberg emp;demo_comp_cct_10000067;Marcus Ljungdahl;0;0;0
demo_emp_10000085;Noak Lund emp;user_demo_comp_cct_10000068;Noak Lund;demo_emp_cct_10000085;Noak Lund emp;demo_comp_cct_10000068;Estelle Ring;0;0;0
demo_emp_10000086;Nore Oskarsson emp;user_demo_comp_cct_10000069;Nore Oskarsson;demo_emp_cct_10000086;Nore Oskarsson emp;demo_comp_cct_10000069;Miriam Tärnqvist;0;0;0
demo_emp_10000087;Dana Olausson emp;user_demo_comp_cct_10000070;Dana Olausson;demo_emp_cct_10000087;Dana Olausson emp;demo_comp_cct_10000070;Per Nordkvist;0;0;0
demo_emp_10000088;Penny Appelqvist emp;user_demo_comp_cct_10000071;Penny Appelqvist;demo_emp_cct_10000088;Penny Appelqvist emp;demo_comp_cct_10000071;Isabel Burström;0;0;0
demo_emp_10000089;Gunnar Östberg emp;user_demo_comp_cct_10000072;Gunnar Östberg;demo_emp_cct_10000089;Gunnar Östberg emp;demo_comp_cct_10000072;Melina Bäcklund;0;0;0
demo_emp_10000090;Signe Källström emp;user_demo_comp_cct_10000073;Signe Källström;demo_emp_cct_10000090;Signe Källström emp;demo_comp_cct_10000073;Alvin Blomkvist;0;0;0
demo_emp_10000091;Zuzanna Hågberg emp;user_demo_comp_cct_10000074;Zuzanna Hågberg;demo_emp_cct_10000091;Zuzanna Hågberg emp;demo_comp_cct_10000074;Natali Sahlén;0;0;0
demo_emp_10000092;Sama Vesterlund emp;user_demo_comp_cct_10000075;Sama Vesterlund;demo_emp_cct_10000092;Sama Vesterlund emp;demo_comp_cct_10000075;River Moberg;0;0;0
demo_emp_10000093;Nova-Li Ekman emp;user_demo_comp_cct_10000076;Nova-Li Ekman;demo_emp_cct_10000093;Nova-Li Ekman emp;demo_comp_cct_10000076;Edward Sjökvist;0;0;0
demo_emp_10000094;Leonard Mattisson emp;user_demo_comp_cct_10000077;Leonard Mattisson;demo_emp_cct_10000094;Leonard Mattisson emp;demo_comp_cct_10000077;Eli Hågberg;0;0;0
demo_emp_10000095;Belle Vilhelmsson emp;user_demo_comp_cct_10000078;Belle Vilhelmsson;demo_emp_cct_10000095;Belle Vilhelmsson emp;demo_comp_cct_10000078;Anya Ståhl;0;0;0
demo_emp_10000096;Kent Vesterlund emp;user_demo_comp_cct_10000079;Kent Vesterlund;demo_emp_cct_10000096;Kent Vesterlund emp;demo_comp_cct_10000079;Baltsar Norberg;0;0;0
demo_emp_10000097;Alexandra Borg emp;user_demo_comp_cct_10000080;Alexandra Borg;demo_emp_cct_10000097;Alexandra Borg emp;demo_comp_cct_10000080;Helga Hedin;0;0;0
demo_emp_10000098;Haley Hellsten emp;user_demo_comp_cct_10000081;Haley Hellsten;demo_emp_cct_10000098;Haley Hellsten emp;demo_comp_cct_10000081;Solveig Anell;0;0;0
demo_emp_10000099;Melker Rönn emp;user_demo_comp_cct_10000082;Melker Rönn;demo_emp_cct_10000099;Melker Rönn emp;demo_comp_cct_10000082;Minja Broström;0;0;0
demo_emp_10000100;Therése Danielsson emp;user_demo_comp_cct_10000083;Therése Danielsson;demo_emp_cct_10000100;Therése Danielsson emp;demo_comp_cct_10000083;Edward Kjellberg;0;0;0
demo_emp_10000101;Beda Rasmusson emp;user_demo_comp_cct_10000084;Beda Rasmusson;demo_emp_cct_10000101;Beda Rasmusson emp;demo_comp_cct_10000084;Louise Malmqvist;0;0;0
demo_emp_10000102;Helen Kjellgren emp;user_demo_comp_cct_10000085;Helen Kjellgren;demo_emp_cct_10000102;Helen Kjellgren emp;demo_comp_cct_10000085;Merve Vennberg;0;0;0
demo_emp_10000103;Jake Velander emp;user_demo_comp_cct_10000086;Jake Velander;demo_emp_cct_10000103;Jake Velander emp;demo_comp_cct_10000086;Noak Lund;0;0;0
demo_emp_10000104;Ester Roslund emp;user_demo_comp_cct_10000087;Ester Roslund;demo_emp_cct_10000104;Ester Roslund emp;demo_comp_cct_10000087;Nore Oskarsson;0;0;0
demo_emp_10000105;Melina Birgersson emp;user_demo_comp_cct_10000088;Melina Birgersson;demo_emp_cct_10000105;Melina Birgersson emp;demo_comp_cct_10000088;Dana Olausson;0;0;0
demo_emp_10000106;Adel Melander emp;user_demo_comp_cct_10000089;Adel Melander;demo_emp_cct_10000106;Adel Melander emp;demo_comp_cct_10000089;Penny Appelqvist;0;0;0
demo_emp_10000107;Zeynep Lagerqvist emp;user_demo_comp_cct_10000090;Zeynep Lagerqvist;demo_emp_cct_10000107;Zeynep Lagerqvist emp;demo_comp_cct_10000090;Gunnar Östberg;0;0;0
demo_emp_10000108;Calle Hellman emp;user_demo_comp_cct_10000091;Calle Hellman;demo_emp_cct_10000108;Calle Hellman emp;demo_comp_cct_10000091;Signe Källström;0;0;0
demo_emp_10000109;Indra Broberg emp;user_demo_comp_cct_10000092;Indra Broberg;demo_emp_cct_10000109;Indra Broberg emp;demo_comp_cct_10000092;Zuzanna Hågberg;0;0;0
demo_emp_10000110;Reinhold Back emp;user_demo_comp_cct_10000093;Reinhold Back;demo_emp_cct_10000110;Reinhold Back emp;demo_comp_cct_10000093;Sama Vesterlund;0;0;0
demo_emp_10000111;Dima Kjellin emp;user_demo_comp_cct_10000094;Dima Kjellin;demo_emp_cct_10000111;Dima Kjellin emp;demo_comp_cct_10000094;Nova-Li Ekman;0;0;0
demo_emp_10000112;Enar Grundström emp;user_demo_comp_cct_10000095;Enar Grundström;demo_emp_cct_10000112;Enar Grundström emp;demo_comp_cct_10000095;Leonard Mattisson;0;0;0
demo_emp_10000113;Tryggve Svedlund emp;user_demo_comp_cct_10000096;Tryggve Svedlund;demo_emp_cct_10000113;Tryggve Svedlund emp;demo_comp_cct_10000096;Belle Vilhelmsson;0;0;0
demo_emp_10000114;Einar Thörn emp;user_demo_comp_cct_10000097;Einar Thörn;demo_emp_cct_10000114;Einar Thörn emp;demo_comp_cct_10000097;Kent Vesterlund;0;0;0
demo_emp_10000115;Kitty Brodin emp;user_demo_comp_cct_10000098;Kitty Brodin;demo_emp_cct_10000115;Kitty Brodin emp;demo_comp_cct_10000098;Alexandra Borg;0;0;0
demo_emp_10000116;Allis Forsberg emp;user_demo_comp_cct_10000099;Allis Forsberg;demo_emp_cct_10000116;Allis Forsberg emp;demo_comp_cct_10000099;Haley Hellsten;0;0;0
demo_emp_10000117;Patrick Freij emp;user_demo_comp_cct_10000100;Patrick Freij;demo_emp_cct_10000117;Patrick Freij emp;demo_comp_cct_10000100;Melker Rönn;0;0;0
demo_emp_10000118;Teo Håkansson emp;user_demo_comp_cct_10000101;Teo Håkansson;demo_emp_cct_10000118;Teo Håkansson emp;demo_comp_cct_10000101;Therése Danielsson;0;0;0
demo_emp_10000119;Malin Vilhelmsson emp;user_demo_comp_cct_10000102;Malin Vilhelmsson;demo_emp_cct_10000119;Malin Vilhelmsson emp;demo_comp_cct_10000102;Beda Rasmusson;0;0;0
demo_emp_10000120;Nicolas Söderblom emp;user_demo_comp_cct_10000103;Nicolas Söderblom;demo_emp_cct_10000120;Nicolas Söderblom emp;demo_comp_cct_10000103;Helen Kjellgren;0;0;0
demo_emp_10000121;Brian Elfström emp;user_demo_comp_cct_10000104;Brian Elfström;demo_emp_cct_10000121;Brian Elfström emp;demo_comp_cct_10000104;Jake Velander;0;0;0
demo_emp_10000122;Charlotte Benjaminsson emp;user_demo_comp_cct_10000105;Charlotte Benjaminsson;demo_emp_cct_10000122;Charlotte Benjaminsson emp;demo_comp_cct_10000105;Ester Roslund;0;0;0
demo_emp_10000123;Susanna Brink emp;user_demo_comp_cct_10000106;Susanna Brink;demo_emp_cct_10000123;Susanna Brink emp;demo_comp_cct_10000106;Melina Birgersson;0;0;0
demo_emp_10000124;Zelda Fridh emp;user_demo_comp_cct_10000107;Zelda Fridh;demo_emp_cct_10000124;Zelda Fridh emp;demo_comp_cct_10000107;Adel Melander;0;0;0
demo_emp_10000125;Tyra Söderlind emp;user_demo_comp_cct_10000108;Tyra Söderlind;demo_emp_cct_10000125;Tyra Söderlind emp;demo_comp_cct_10000108;Zeynep Lagerqvist;0;0;0
demo_emp_10000126;Lava Lundholm emp;user_demo_comp_cct_10000109;Lava Lundholm;demo_emp_cct_10000126;Lava Lundholm emp;demo_comp_cct_10000109;Calle Hellman;0;0;0
demo_emp_10000127;Gerhard Linde emp;user_demo_comp_cct_10000110;Gerhard Linde;demo_emp_cct_10000127;Gerhard Linde emp;demo_comp_cct_10000110;Indra Broberg;0;0;0
demo_emp_10000128;Nikki Åsberg emp;user_demo_comp_cct_10000111;Nikki Åsberg;demo_emp_cct_10000128;Nikki Åsberg emp;demo_comp_cct_10000111;Reinhold Back;0;0;0
demo_emp_10000129;Ted Lövgren emp;user_demo_comp_cct_10000112;Ted Lövgren;demo_emp_cct_10000129;Ted Lövgren emp;demo_comp_cct_10000112;Dima Kjellin;0;0;0
demo_emp_10000130;Irja Olsén emp;user_demo_comp_cct_10000113;Irja Olsén;demo_emp_cct_10000130;Irja Olsén emp;demo_comp_cct_10000113;Enar Grundström;0;0;0
demo_emp_10000131;Abel Ålander emp;user_demo_comp_cct_10000114;Abel Ålander;demo_emp_cct_10000131;Abel Ålander emp;demo_comp_cct_10000114;Tryggve Svedlund;0;0;0
demo_emp_10000132;Carl Holgersson emp;user_demo_comp_cct_10000115;Carl Holgersson;demo_emp_cct_10000132;Carl Holgersson emp;demo_comp_cct_10000115;Einar Thörn;0;0;0
demo_emp_10000133;Emelia Kallin emp;user_demo_comp_cct_10000116;Emelia Kallin;demo_emp_cct_10000133;Emelia Kallin emp;demo_comp_cct_10000116;Kitty Brodin;0;0;0
demo_emp_10000134;Mathilda Lovén emp;user_demo_comp_cct_10000117;Mathilda Lovén;demo_emp_cct_10000134;Mathilda Lovén emp;demo_comp_cct_10000117;Allis Forsberg;0;0;0
demo_emp_10000135;Grace Sander emp;user_demo_comp_cct_10000118;Grace Sander;demo_emp_cct_10000135;Grace Sander emp;demo_comp_cct_10000118;Patrick Freij;0;0;0
demo_emp_10000136;Beatrice Ling emp;user_demo_comp_cct_10000119;Beatrice Ling;demo_emp_cct_10000136;Beatrice Ling emp;demo_comp_cct_10000119;Teo Håkansson;0;0;0
demo_emp_10000137;Svea Fröjd emp;user_demo_comp_cct_10000120;Svea Fröjd;demo_emp_cct_10000137;Svea Fröjd emp;demo_comp_cct_10000120;Malin Vilhelmsson;0;0;0
demo_emp_10000138;Irem Vilhelmsson emp;user_demo_comp_cct_10000121;Irem Vilhelmsson;demo_emp_cct_10000138;Irem Vilhelmsson emp;demo_comp_cct_10000121;Nicolas Söderblom;0;0;0
demo_emp_10000139;Said Strandberg emp;user_demo_comp_cct_10000122;Said Strandberg;demo_emp_cct_10000139;Said Strandberg emp;demo_comp_cct_10000122;Brian Elfström;0;0;0
demo_emp_10000140;Valdemar Grip emp;user_demo_comp_cct_10000123;Valdemar Grip;demo_emp_cct_10000140;Valdemar Grip emp;demo_comp_cct_10000123;Charlotte Benjaminsson;0;0;0
demo_emp_10000141;Jacob Öström emp;user_demo_comp_cct_10000124;Jacob Öström;demo_emp_cct_10000141;Jacob Öström emp;demo_comp_cct_10000124;Susanna Brink;0;0;0
demo_emp_10000142;Tommy Blomkvist emp;user_demo_comp_cct_10000125;Tommy Blomkvist;demo_emp_cct_10000142;Tommy Blomkvist emp;demo_comp_cct_10000125;Zelda Fridh;0;0;0
demo_emp_10000143;Adina Sandström emp;user_demo_comp_cct_10000126;Adina Sandström;demo_emp_cct_10000143;Adina Sandström emp;demo_comp_cct_10000126;Tyra Söderlind;0;0;0
demo_emp_10000144;Diana Selberg emp;user_demo_comp_cct_10000127;Diana Selberg;demo_emp_cct_10000144;Diana Selberg emp;demo_comp_cct_10000127;Lava Lundholm;0;0;0
demo_emp_10000145;Marcus Vik emp;user_demo_comp_cct_10000128;Marcus Vik;demo_emp_cct_10000145;Marcus Vik emp;demo_comp_cct_10000128;Gerhard Linde;0;0;0
demo_emp_10000146;Kristian Svärd emp;user_demo_comp_cct_10000129;Kristian Svärd;demo_emp_cct_10000146;Kristian Svärd emp;demo_comp_cct_10000129;Nikki Åsberg;0;0;0
demo_emp_10000147;Folke Roth emp;user_demo_comp_cct_10000130;Folke Roth;demo_emp_cct_10000147;Folke Roth emp;demo_comp_cct_10000130;Ted Lövgren;0;0;0
demo_emp_10000148;Aleksander Klang emp;user_demo_comp_cct_10000131;Aleksander Klang;demo_emp_cct_10000148;Aleksander Klang emp;demo_comp_cct_10000131;Irja Olsén;0;0;0
demo_emp_10000149;Malcolm Abrahamsson emp;user_demo_comp_cct_10000132;Malcolm Abrahamsson;demo_emp_cct_10000149;Malcolm Abrahamsson emp;demo_comp_cct_10000132;Abel Ålander;0;0;0
demo_emp_10000150;Sigge Nyqvist emp;user_demo_comp_cct_10000133;Sigge Nyqvist;demo_emp_cct_10000150;Sigge Nyqvist emp;demo_comp_cct_10000133;Carl Holgersson;0;0;0
demo_emp_10000151;Iza Frid emp;user_demo_comp_cct_10000134;Iza Frid;demo_emp_cct_10000151;Iza Frid emp;demo_comp_cct_10000134;Emelia Kallin;0;0;0
demo_emp_10000152;Aina Davidsson emp;user_demo_comp_cct_10000135;Aina Davidsson;demo_emp_cct_10000152;Aina Davidsson emp;demo_comp_cct_10000135;Mathilda Lovén;0;0;0
demo_emp_10000153;Isac Rasmussen emp;user_demo_comp_cct_10000136;Isac Rasmussen;demo_emp_cct_10000153;Isac Rasmussen emp;demo_comp_cct_10000136;Grace Sander;0;0;0
demo_emp_10000154;Salma Bengtsson emp;user_demo_comp_cct_10000137;Salma Bengtsson;demo_emp_cct_10000154;Salma Bengtsson emp;demo_comp_cct_10000137;Beatrice Ling;0;0;0
demo_emp_10000155;Eleonora Zander emp;user_demo_comp_cct_10000138;Eleonora Zander;demo_emp_cct_10000155;Eleonora Zander emp;demo_comp_cct_10000138;Svea Fröjd;0;0;0
demo_emp_10000156;Tess Wendel emp;user_demo_comp_cct_10000139;Tess Wendel;demo_emp_cct_10000156;Tess Wendel emp;demo_comp_cct_10000139;Irem Vilhelmsson;0;0;0
demo_emp_10000157;Jamie Karlén emp;user_demo_comp_cct_10000140;Jamie Karlén;demo_emp_cct_10000157;Jamie Karlén emp;demo_comp_cct_10000140;Said Strandberg;0;0;0
demo_emp_10000158;Xavier Johnsson emp;user_demo_comp_cct_10000141;Xavier Johnsson;demo_emp_cct_10000158;Xavier Johnsson emp;demo_comp_cct_10000141;Valdemar Grip;0;0;0
demo_emp_10000159;Ville Cederberg emp;user_demo_comp_cct_10000142;Ville Cederberg;demo_emp_cct_10000159;Ville Cederberg emp;demo_comp_cct_10000142;Jacob Öström;0;0;0
demo_emp_10000160;Billy Glad emp;user_demo_comp_cct_10000143;Billy Glad;demo_emp_cct_10000160;Billy Glad emp;demo_comp_cct_10000143;Tommy Blomkvist;0;0;0
demo_emp_10000161;Nikolaj Fagerström emp;user_demo_comp_cct_10000144;Nikolaj Fagerström;demo_emp_cct_10000161;Nikolaj Fagerström emp;demo_comp_cct_10000144;Adina Sandström;0;0;0
demo_emp_10000162;Tore Lindström emp;user_demo_comp_cct_10000145;Tore Lindström;demo_emp_cct_10000162;Tore Lindström emp;demo_comp_cct_10000145;Diana Selberg;0;0;0
demo_emp_10000163;Lejla Wennerberg emp;user_demo_comp_cct_10000146;Lejla Wennerberg;demo_emp_cct_10000163;Lejla Wennerberg emp;demo_comp_cct_10000146;Marcus Vik;0;0;0
demo_emp_10000164;Maija Hallman emp;user_demo_comp_cct_10000147;Maija Hallman;demo_emp_cct_10000164;Maija Hallman emp;demo_comp_cct_10000147;Kristian Svärd;0;0;0
demo_emp_10000165;Seth Håll emp;user_demo_comp_cct_10000148;Seth Håll;demo_emp_cct_10000165;Seth Håll emp;demo_comp_cct_10000148;Folke Roth;0;0;0
demo_emp_10000166;Amelia Lindroth emp;user_demo_comp_cct_10000149;Amelia Lindroth;demo_emp_cct_10000166;Amelia Lindroth emp;demo_comp_cct_10000149;Aleksander Klang;0;0;0
demo_emp_10000167;Muhammed Löfberg emp;user_demo_comp_cct_10000150;Muhammed Löfberg;demo_emp_cct_10000167;Muhammed Löfberg emp;demo_comp_cct_10000150;Malcolm Abrahamsson;0;0;0
demo_emp_10000168;Reine Malm emp;user_demo_comp_cct_10000151;Reine Malm;demo_emp_cct_10000168;Reine Malm emp;demo_comp_cct_10000151;Sigge Nyqvist;0;0;0
demo_emp_10000169;Manne Wallén emp;user_demo_comp_cct_10000152;Manne Wallén;demo_emp_cct_10000169;Manne Wallén emp;demo_comp_cct_10000152;Iza Frid;0;0;0
demo_emp_10000170;Leiah Appelqvist emp;user_demo_comp_cct_10000153;Leiah Appelqvist;demo_emp_cct_10000170;Leiah Appelqvist emp;demo_comp_cct_10000153;Aina Davidsson;0;0;0
demo_emp_10000171;Havin Sandqvist emp;user_demo_comp_cct_10000154;Havin Sandqvist;demo_emp_cct_10000171;Havin Sandqvist emp;demo_comp_cct_10000154;Isac Rasmussen;0;0;0
demo_emp_10000172;Troy Berglin emp;user_demo_comp_cct_10000155;Troy Berglin;demo_emp_cct_10000172;Troy Berglin emp;demo_comp_cct_10000155;Salma Bengtsson;0;0;0
demo_emp_10000173;Matilda Bryngelsson emp;user_demo_comp_cct_10000156;Matilda Bryngelsson;demo_emp_cct_10000173;Matilda Bryngelsson emp;demo_comp_cct_10000156;Eleonora Zander;0;0;0
demo_emp_10000174;Towa Bengtsson emp;user_demo_comp_cct_10000157;Towa Bengtsson;demo_emp_cct_10000174;Towa Bengtsson emp;demo_comp_cct_10000157;Tess Wendel;0;0;0
demo_emp_10000175;Adèle Rönnbäck emp;user_demo_comp_cct_10000158;Adèle Rönnbäck;demo_emp_cct_10000175;Adèle Rönnbäck emp;demo_comp_cct_10000158;Jamie Karlén;0;0;0
demo_emp_10000176;Melvin Svensk emp;user_demo_comp_cct_10000159;Melvin Svensk;demo_emp_cct_10000176;Melvin Svensk emp;demo_comp_cct_10000159;Xavier Johnsson;0;0;0
demo_emp_10000177;Ilona Albertsson emp;user_demo_comp_cct_10000160;Ilona Albertsson;demo_emp_cct_10000177;Ilona Albertsson emp;demo_comp_cct_10000160;Ville Cederberg;0;0;0
demo_emp_10000178;Fiona Andrén emp;user_demo_comp_cct_10000161;Fiona Andrén;demo_emp_cct_10000178;Fiona Andrén emp;demo_comp_cct_10000161;Billy Glad;0;0;0
demo_emp_10000179;Manfred Strand emp;user_demo_comp_cct_10000162;Manfred Strand;demo_emp_cct_10000179;Manfred Strand emp;demo_comp_cct_10000162;Nikolaj Fagerström;0;0;0
demo_emp_10000180;Sabina Käck emp;user_demo_comp_cct_10000163;Sabina Käck;demo_emp_cct_10000180;Sabina Käck emp;demo_comp_cct_10000163;Tore Lindström;0;0;0
demo_emp_10000181;Sara Granath emp;user_demo_comp_cct_10000164;Sara Granath;demo_emp_cct_10000181;Sara Granath emp;demo_comp_cct_10000164;Lejla Wennerberg;0;0;0
demo_emp_10000182;Zahra Holmgren emp;user_demo_comp_cct_10000165;Zahra Holmgren;demo_emp_cct_10000182;Zahra Holmgren emp;demo_comp_cct_10000165;Maija Hallman;0;0;0
demo_emp_10000183;Eila Fernström emp;user_demo_comp_cct_10000166;Eila Fernström;demo_emp_cct_10000183;Eila Fernström emp;demo_comp_cct_10000166;Seth Håll;0;0;0
demo_emp_10000184;David Carlén emp;user_demo_comp_cct_10000167;David Carlén;demo_emp_cct_10000184;David Carlén emp;demo_comp_cct_10000167;Amelia Lindroth;0;0;0
demo_emp_10000185;Thea Bergkvist emp;user_demo_comp_cct_10000168;Thea Bergkvist;demo_emp_cct_10000185;Thea Bergkvist emp;demo_comp_cct_10000168;Muhammed Löfberg;0;0;0
demo_emp_10000186;Stefan Haglund emp;user_demo_comp_cct_10000169;Stefan Haglund;demo_emp_cct_10000186;Stefan Haglund emp;demo_comp_cct_10000169;Reine Malm;0;0;0
demo_emp_10000187;Athena Källgren emp;user_demo_comp_cct_10000170;Athena Källgren;demo_emp_cct_10000187;Athena Källgren emp;demo_comp_cct_10000170;Manne Wallén;0;0;0
demo_emp_10000188;Aprilia Dahlström emp;user_demo_comp_cct_10000171;Aprilia Dahlström;demo_emp_cct_10000188;Aprilia Dahlström emp;demo_comp_cct_10000171;Leiah Appelqvist;0;0;0
demo_emp_10000189;Camilla Ahlström emp;user_demo_comp_cct_10000172;Camilla Ahlström;demo_emp_cct_10000189;Camilla Ahlström emp;demo_comp_cct_10000172;Havin Sandqvist;0;0;0
demo_emp_10000190;Jill Folkesson emp;user_demo_comp_cct_10000173;Jill Folkesson;demo_emp_cct_10000190;Jill Folkesson emp;demo_comp_cct_10000173;Troy Berglin;0;0;0
demo_emp_10000191;Emir Bergvall emp;user_demo_comp_cct_10000174;Emir Bergvall;demo_emp_cct_10000191;Emir Bergvall emp;demo_comp_cct_10000174;Matilda Bryngelsson;0;0;0
demo_emp_10000192;Omar Löngström emp;user_demo_comp_cct_10000175;Omar Löngström;demo_emp_cct_10000192;Omar Löngström emp;demo_comp_cct_10000175;Towa Bengtsson;0;0;0
demo_emp_10000193;Emre Kleverö emp;user_demo_comp_cct_10000176;Emre Kleverö;demo_emp_cct_10000193;Emre Kleverö emp;demo_comp_cct_10000176;Adèle Rönnbäck;0;0;0
demo_emp_10000194;Chanel Samuelsson emp;user_demo_comp_cct_10000177;Chanel Samuelsson;demo_emp_cct_10000194;Chanel Samuelsson emp;demo_comp_cct_10000177;Melvin Svensk;0;0;0
demo_emp_10000195;Izabelle Thorsson emp;user_demo_comp_cct_10000178;Izabelle Thorsson;demo_emp_cct_10000195;Izabelle Thorsson emp;demo_comp_cct_10000178;Ilona Albertsson;0;0;0
demo_emp_10000196;Zoe Hilmersson emp;user_demo_comp_cct_10000179;Zoe Hilmersson;demo_emp_cct_10000196;Zoe Hilmersson emp;demo_comp_cct_10000179;Fiona Andrén;0;0;0
demo_emp_10000197;Alexis Knutsson emp;user_demo_comp_cct_10000180;Alexis Knutsson;demo_emp_cct_10000197;Alexis Knutsson emp;demo_comp_cct_10000180;Manfred Strand;0;0;0
demo_emp_10000198;Petra Gunnarsson emp;user_demo_comp_cct_10000181;Petra Gunnarsson;demo_emp_cct_10000198;Petra Gunnarsson emp;demo_comp_cct_10000181;Sabina Käck;0;0;0
demo_emp_10000199;Stefan Bruhn emp;user_demo_comp_cct_10000182;Stefan Bruhn;demo_emp_cct_10000199;Stefan Bruhn emp;demo_comp_cct_10000182;Sara Granath;0;0;0
demo_emp_10000200;Tanja Wester emp;user_demo_comp_cct_10000183;Tanja Wester;demo_emp_cct_10000200;Tanja Wester emp;demo_comp_cct_10000183;Zahra Holmgren;0;0;0
demo_emp_10000201;Amela Åstrand emp;user_demo_comp_cct_10000184;Amela Åstrand;demo_emp_cct_10000201;Amela Åstrand emp;demo_comp_cct_10000184;Eila Fernström;0;0;0
demo_emp_10000202;Elof Åkerberg emp;user_demo_comp_cct_10000185;Elof Åkerberg;demo_emp_cct_10000202;Elof Åkerberg emp;demo_comp_cct_10000185;David Carlén;0;0;0
demo_emp_10000203;Bruno Söderqvist emp;user_demo_comp_cct_10000186;Bruno Söderqvist;demo_emp_cct_10000203;Bruno Söderqvist emp;demo_comp_cct_10000186;Thea Bergkvist;0;0;0
demo_emp_10000204;Edvard Stoltz emp;user_demo_comp_cct_10000187;Edvard Stoltz;demo_emp_cct_10000204;Edvard Stoltz emp;demo_comp_cct_10000187;Stefan Haglund;0;0;0
demo_emp_10000205;Denis Nordstrand emp;user_demo_comp_cct_10000188;Denis Nordstrand;demo_emp_cct_10000205;Denis Nordstrand emp;demo_comp_cct_10000188;Athena Källgren;0;0;0
demo_emp_10000206;Juno Löfgren emp;user_demo_comp_cct_10000189;Juno Löfgren;demo_emp_cct_10000206;Juno Löfgren emp;demo_comp_cct_10000189;Aprilia Dahlström;0;0;0
demo_emp_10000207;Liv Lindroth emp;user_demo_comp_cct_10000190;Liv Lindroth;demo_emp_cct_10000207;Liv Lindroth emp;demo_comp_cct_10000190;Camilla Ahlström;0;0;0
demo_emp_10000208;Jessica Schmidt emp;user_demo_comp_cct_10000191;Jessica Schmidt;demo_emp_cct_10000208;Jessica Schmidt emp;demo_comp_cct_10000191;Jill Folkesson;0;0;0
demo_emp_10000209;Malou Birgersson emp;user_demo_comp_cct_10000192;Malou Birgersson;demo_emp_cct_10000209;Malou Birgersson emp;demo_comp_cct_10000192;Emir Bergvall;0;0;0
demo_emp_10000210;Jonatan Lindholm emp;user_demo_comp_cct_10000193;Jonatan Lindholm;demo_emp_cct_10000210;Jonatan Lindholm emp;demo_comp_cct_10000193;Omar Löngström;0;0;0
demo_emp_10000211;Hektor Cedergren emp;user_demo_comp_cct_10000194;Hektor Cedergren;demo_emp_cct_10000211;Hektor Cedergren emp;demo_comp_cct_10000194;Emre Kleverö;0;0;0
demo_emp_10000212;Betty Boberg emp;user_demo_comp_cct_10000195;Betty Boberg;demo_emp_cct_10000212;Betty Boberg emp;demo_comp_cct_10000195;Chanel Samuelsson;0;0;0
demo_emp_10000213;Elna Sundberg emp;user_demo_comp_cct_10000196;Elna Sundberg;demo_emp_cct_10000213;Elna Sundberg emp;demo_comp_cct_10000196;Izabelle Thorsson;0;0;0
demo_emp_10000214;Leona Hed emp;user_demo_comp_cct_10000197;Leona Hed;demo_emp_cct_10000214;Leona Hed emp;demo_comp_cct_10000197;Zoe Hilmersson;0;0;0
demo_emp_10000215;Elvira Björnsson emp;user_demo_comp_cct_10000198;Elvira Björnsson;demo_emp_cct_10000215;Elvira Björnsson emp;demo_comp_cct_10000198;Alexis Knutsson;0;0;0
demo_emp_10000216;Oskar Näsström emp;user_demo_comp_cct_10000199;Oskar Näsström;demo_emp_cct_10000216;Oskar Näsström emp;demo_comp_cct_10000199;Petra Gunnarsson;0;0;0
demo_emp_10000217;Alexia Nordling emp;user_demo_comp_cct_10000200;Alexia Nordling;demo_emp_cct_10000217;Alexia Nordling emp;demo_comp_cct_10000200;Stefan Bruhn;0;0;0
demo_emp_10000218;Jakob Landén emp;user_demo_comp_cct_10000201;Jakob Landén;demo_emp_cct_10000218;Jakob Landén emp;demo_comp_cct_10000201;Tanja Wester;0;0;0
demo_emp_10000219;Ove Nylund emp;user_demo_comp_cct_10000202;Ove Nylund;demo_emp_cct_10000219;Ove Nylund emp;demo_comp_cct_10000202;Amela Åstrand;0;0;0
demo_emp_10000220;Nova Näsman emp;user_demo_comp_cct_10000203;Nova Näsman;demo_emp_cct_10000220;Nova Näsman emp;demo_comp_cct_10000203;Elof Åkerberg;0;0;0
demo_emp_10000221;Marcus Lovén emp;user_demo_comp_cct_10000204;Marcus Lovén;demo_emp_cct_10000221;Marcus Lovén emp;demo_comp_cct_10000204;Bruno Söderqvist;0;0;0
demo_emp_10000222;Michaela Söderlund emp;user_demo_comp_cct_10000205;Michaela Söderlund;demo_emp_cct_10000222;Michaela Söderlund emp;demo_comp_cct_10000205;Edvard Stoltz;0;0;0
demo_emp_10000223;Valentin Lundkvist emp;user_demo_comp_cct_10000206;Valentin Lundkvist;demo_emp_cct_10000223;Valentin Lundkvist emp;demo_comp_cct_10000206;Denis Nordstrand;0;0;0
demo_emp_10000224;Stellan Franzén emp;user_demo_comp_cct_10000207;Stellan Franzén;demo_emp_cct_10000224;Stellan Franzén emp;demo_comp_cct_10000207;Juno Löfgren;0;0;0
demo_emp_10000225;Holmfrid Forsmark emp;user_demo_comp_cct_10000208;Holmfrid Forsmark;demo_emp_cct_10000225;Holmfrid Forsmark emp;demo_comp_cct_10000208;Liv Lindroth;0;0;0
demo_emp_10000226;Ivar Lundqvist emp;user_demo_comp_cct_10000209;Ivar Lundqvist;demo_emp_cct_10000226;Ivar Lundqvist emp;demo_comp_cct_10000209;Jessica Schmidt;0;0;0
demo_emp_10000227;Jonna Elfström emp;user_demo_comp_cct_10000210;Jonna Elfström;demo_emp_cct_10000227;Jonna Elfström emp;demo_comp_cct_10000210;Malou Birgersson;0;0;0
demo_emp_10000228;Ines Östling emp;user_demo_comp_cct_10000211;Ines Östling;demo_emp_cct_10000228;Ines Östling emp;demo_comp_cct_10000211;Jonatan Lindholm;0;0;0
demo_emp_10000229;Robert Kristoffersson emp;user_demo_comp_cct_10000212;Robert Kristoffersson;demo_emp_cct_10000229;Robert Kristoffersson emp;demo_comp_cct_10000212;Hektor Cedergren;0;0;0
demo_emp_10000230;Helga Åkerman emp;user_demo_comp_cct_10000213;Helga Åkerman;demo_emp_cct_10000230;Helga Åkerman emp;demo_comp_cct_10000213;Betty Boberg;0;0;0
demo_emp_10000231;Olov Palmér emp;user_demo_comp_cct_10000214;Olov Palmér;demo_emp_cct_10000231;Olov Palmér emp;demo_comp_cct_10000214;Elna Sundberg;0;0;0
demo_emp_10000232;Lorentz Sundell emp;user_demo_comp_cct_10000215;Lorentz Sundell;demo_emp_cct_10000232;Lorentz Sundell emp;demo_comp_cct_10000215;Leona Hed;0;0;0
demo_emp_10000233;Thelise Steen emp;user_demo_comp_cct_10000216;Thelise Steen;demo_emp_cct_10000233;Thelise Steen emp;demo_comp_cct_10000216;Elvira Björnsson;0;0;0
demo_emp_10000234;Esma Nyholm emp;user_demo_comp_cct_10000217;Esma Nyholm;demo_emp_cct_10000234;Esma Nyholm emp;demo_comp_cct_10000217;Oskar Näsström;0;0;0
demo_emp_10000235;Erica Söderqvist emp;user_demo_comp_cct_10000218;Erica Söderqvist;demo_emp_cct_10000235;Erica Söderqvist emp;demo_comp_cct_10000218;Alexia Nordling;0;0;0
demo_emp_10000236;Abraham Edvinsson emp;user_demo_comp_cct_10000219;Abraham Edvinsson;demo_emp_cct_10000236;Abraham Edvinsson emp;demo_comp_cct_10000219;Jakob Landén;0;0;0
demo_emp_10000237;Aurora Palmqvist emp;user_demo_comp_cct_10000220;Aurora Palmqvist;demo_emp_cct_10000237;Aurora Palmqvist emp;demo_comp_cct_10000220;Ove Nylund;0;0;0
demo_emp_10000238;Ariana Nylander emp;user_demo_comp_cct_10000221;Ariana Nylander;demo_emp_cct_10000238;Ariana Nylander emp;demo_comp_cct_10000221;Nova Näsman;0;0;0
;;;;;;;;;;
;;;;;;;;;;
;;;;;;;;;;
;;;;;;;;;;
;;;;;;;;;;
;;;;;;;;;;
;;;;;;;;;;
;;;;;;;;;;
;;;;;;;;;;
;;;;;;;;;;
;;;;;;;;;;
;;;;;;;;;;
;;;;;;;;;;
;;;;;;;;;;
;;;;;;;;;;
;;;;;;;;;;
;;;;;;;;;;
;;;;;;;;;;
;;;;;;;;;;
;;;;;;;;;;
;;;;;;;;;;
;;;;;;;;;;
;;;;;;;;;;
;;;;;;;;;;
;;;;;;;;;;
;;;;;;;;;;
;;;;;;;;;;
;;;;;;;;;;
;;;;;;;;;;
;;;;;;;;;;
;;;;;;;;;;
;;;;;;;;;;
;;;;;;;;;;
;;;;;;;;;;
;;;;;;;;;;
;;;;;;;;;;
;;;;;;;;;;
;;;;;;;;;;
;;;;;;;;;;
;;;;;;;;;;
;;;;;;;;;;
;;;;;;;;;;
;;;;;;;;;;
;;;;;;;;;;
