Externt ID;Handläggare;Kund;Name;Mötesdatum;stop;duration;meeting_status;location;;name;description;;;;
meeting_10000000;user_demo_comp_cct_10000001;demo_comp_cct_10000020;Simon Grönberg;2020-12-19 08:30;x;00:30;Requested by applicant;demo_comp_cct_10000013;Org EMMABODA            ;Tredje möte;stora Mjuka kunde där hela sällan tiden upprätthållande.;;;;
meeting_10000001;user_demo_comp_cct_10000002;demo_comp_cct_10000021;Emely Svensson (comp 10019);2020-11-11 08:30;stop;00:30;Requested by applicant;demo_comp_cct_10000013;Org EMMABODA            ;Andra möte;samma upprätthållande, om kunde blev hwila sin del.;;;;
meeting_10000002;user_demo_comp_cct_10000003;demo_comp_cct_10000022;Bertil Sundell (comp 10020);2019-04-10 08:30;stop;00:30;Requested by applicant;demo_comp_cct_10000010;Org PARTILLE            ;Andra möte;Rot kunde om inom omfångsrik sista upprätthållande rot.;;;;
meeting_10000003;user_demo_comp_cct_10000004;demo_comp_cct_10000023;Lillie Forslund (comp 10021);2019-07-06 08:30;stop;00:30;Requested by applicant;demo_comp_cct_10000006;Org VÅRBY               ;Femte möte;samma bäckasiner inom blivit som dimma bra ordningens.;;;;
meeting_10000004;user_demo_comp_cct_10000005;demo_comp_cct_10000024;Hannah Svan (comp 10022);2020-04-18 08:30;stop;00:30;Requested by applicant;demo_comp_cct_10000012;Org KÄVLINGE            ;Fjärde möte;Icke ordningens mot kunde smultron faktor Upprätthållande nya,.;;;;
meeting_10000005;user_demo_comp_cct_10000006;demo_comp_cct_10000025;Ivan Holgersson (comp 10023);2019-12-03 08:30;stop;00:30;Requested by applicant;demo_comp_cct_10000009;Org NORRKÖPING          ;Första möte;som sista brunsås åker när kanske både sällan.;;;;
meeting_10000006;user_demo_comp_cct_10000007;demo_comp_cct_10000026;Emily Sandin (comp 10024);2020-10-15 08:30;stop;00:30;Requested by applicant;demo_comp_cct_10000010;Org PARTILLE            ;Femte möte;därmed nu. hav vi äng, bäckasiner har fram.;;;;
meeting_10000007;user_demo_comp_cct_10000008;demo_comp_cct_10000027;Per Sjölin (comp 10025);2019-01-10 08:30;stop;00:30;Requested by applicant;demo_comp_cct_10000018;Org HELSINGBORG         ;Första möte;trevnadens kunde Del hav färdväg samma därmed ska.;;;;
meeting_10000008;user_demo_comp_cct_10000009;demo_comp_cct_10000028;Chloe Berger (comp 10026);2020-09-26 08:30;stop;00:30;Requested by applicant;demo_comp_cct_10000012;Org KÄVLINGE            ;Andra möte;söka söka verkligen gör gör mjuka som färdväg.;;;;
meeting_10000009;user_demo_comp_cct_10000010;demo_comp_cct_10000029;Jackie Falck (comp 10027);2020-03-18 08:30;stop;00:30;Requested by applicant;demo_comp_cct_10000010;Org PARTILLE            ;Tredje möte;sista vad år dag händer upprätthållande mjuka att.;;;;
meeting_10000010;user_demo_comp_cct_10000011;demo_comp_cct_10000030;Germund Carlberg (comp 10028);2020-09-08 08:30;stop;00:30;Requested by applicant;demo_comp_cct_10000010;Org PARTILLE            ;Första möte;dimma tid. ska själv stig färdväg. flera omfångsrik.;;;;
meeting_10000011;user_demo_comp_cct_10000012;demo_comp_cct_10000031;Zeinab Ramström (comp 10029);2020-03-07 08:30;stop;00:30;Requested by applicant;demo_comp_cct_10000004;Org ULRICEHAMN          ;Tredje möte;om. stig Har ordningens gör Kanske precis. hav..;;;;
meeting_10000012;user_demo_comp_cct_10000013;demo_comp_cct_10000032;Märtha Hedin (comp 10030);2020-09-18 08:30;stop;00:30;Requested by applicant;demo_comp_cct_10000006;Org VÅRBY               ;Femte möte;fram precis precis , erfarenheter strand dimmhöljd händer,.;;;;
meeting_10000013;user_demo_comp_cct_10000014;demo_comp_cct_10000033;Linnea Alm (comp 10031);2020-04-23 08:30;stop;00:30;Requested by applicant;demo_comp_cct_10000017;Org HÄSSELBY            ;Andra möte;rännil varit verkligen där gör göras ska del.;;;;
meeting_10000014;user_demo_comp_cct_10000015;demo_comp_cct_10000034;Melinda Wirén (comp 10032);2019-09-05 08:30;stop;00:30;Requested by applicant;demo_comp_cct_10000005;Org VÅRGÅRDA            ;Tredje möte;när. som söka, när. ordningens rännil för hela.;;;;
meeting_10000015;user_demo_comp_cct_10000016;demo_comp_cct_10000035;Izabelle Hallgren (comp 10033);2020-10-21 08:30;stop;00:30;Requested by applicant;demo_comp_cct_10000005;Org VÅRGÅRDA            ;Andra möte;åker sig sista nya tidigare. upprätthållande vad rännil.;;;;
meeting_10000016;user_demo_comp_cct_10000017;demo_comp_cct_10000036;Adam Åhlin (comp 10034);2019-11-18 08:30;stop;00:30;Requested by applicant;demo_comp_cct_10000004;Org ULRICEHAMN          ;Fjärde möte;vi mot ta inom att och, och fram.;;;;
meeting_10000017;user_demo_comp_cct_10000018;demo_comp_cct_10000037;Patrik Dahlman (comp 10035);2020-08-06 08:30;stop;00:30;Requested by applicant;demo_comp_cct_10000015;Org NACKA               ;Femte möte;bra fram kom trevnadens söka, Icke denna ordningens.;;;;
meeting_10000018;user_demo_comp_cct_10000019;demo_comp_cct_10000038;Lukas Söderblom (comp 10036);2020-03-07 08:30;stop;00:30;Requested by applicant;demo_comp_cct_10000012;Org KÄVLINGE            ;Andra möte;denna, för precis. vi det dimmhöljd fram. på.;;;;
meeting_10000019;user_demo_comp_cct_10000020;demo_comp_cct_10000039;Disa Wilhelmsson (comp 10037);2019-10-15 08:30;stop;00:30;Requested by applicant;demo_comp_cct_10000004;Org ULRICEHAMN          ;Tredje möte;söka. kan ska vemod som gör björnbär har.;;;;
meeting_10000020;user_demo_comp_cct_10000021;demo_comp_cct_10000040;Fritiof Lindholm (comp 10038);2020-12-26 08:30;stop;00:30;Requested by applicant;demo_comp_cct_10000006;Org VÅRBY               ;Andra möte;dimmhöljd rännil fram så precis, samma annat tidigare.;;;;
meeting_10000021;user_demo_comp_cct_10000022;demo_comp_cct_10000041;Greta Von (comp 10039);2019-06-13 08:30;stop;00:30;Requested by applicant;demo_comp_cct_10000012;Org KÄVLINGE            ;Första möte;samma varit sorgliga, Hans redan om fram strand.;;;;
meeting_10000022;user_demo_comp_cct_10000023;demo_comp_cct_10000042;Melisa Mattiasson (comp 10040);2019-06-15 08:30;stop;00:30;Requested by applicant;demo_comp_cct_10000002;Org HUDIKSVALL          ;Första möte;och dag blivit av äng, färdväg. räv kanske.;;;;
meeting_10000023;user_demo_comp_cct_10000024;demo_comp_cct_10000043;Amira Johansson (comp 10041);2019-01-20 08:30;stop;00:30;Requested by applicant;demo_comp_cct_10000001;Org PILGRIMSTAD         ;Femte möte;redan erfarenheter, icke ännu hela häst. bra kan.;;;;
meeting_10000024;user_demo_comp_cct_10000025;demo_comp_cct_10000044;Lukas Kling (comp 10042);2019-02-17 08:30;stop;00:30;Requested by applicant;demo_comp_cct_10000014;Org JÄRLÅSA             ;Tredje möte;är rännil tidigare erfarenheter, fram brunsås olika, Sällan.;;;;
meeting_10000025;user_demo_comp_cct_10000026;demo_comp_cct_10000045;Erik Berndtsson (comp 10043);2019-02-11 08:30;stop;00:30;Requested by applicant;demo_comp_cct_10000012;Org KÄVLINGE            ;Tredje möte;Varit som flera ska precis färdväg det mot.;;;;
meeting_10000026;user_demo_comp_cct_10000027;demo_comp_cct_10000046;Elisabeth Vestling (comp 10044);2019-07-10 08:30;stop;00:30;Requested by applicant;demo_comp_cct_10000017;Org HÄSSELBY            ;Femte möte;därmed sällan kom som vad tiden av ska.;;;;
meeting_10000027;user_demo_comp_cct_10000028;demo_comp_cct_10000047;Dilara Widlund (comp 10045);2019-07-19 08:30;stop;00:30;Requested by applicant;demo_comp_cct_10000001;Org PILGRIMSTAD         ;Tredje möte;kanske är på mot ta har när hela.;;;;
meeting_10000028;user_demo_comp_cct_10000029;demo_comp_cct_10000048;Lage Vikberg (comp 10046);2019-06-13 08:30;stop;00:30;Requested by applicant;demo_comp_cct_10000004;Org ULRICEHAMN          ;Femte möte;mjuka mot händer i regn ordningens rot Hwila.;;;;
meeting_10000029;user_demo_comp_cct_10000030;demo_comp_cct_10000049;Viola Holmström (comp 10047);2020-03-10 08:30;stop;00:30;Requested by applicant;demo_comp_cct_10000004;Org ULRICEHAMN          ;Femte möte;och dag sorgliga, fram kanske så vi ipsum.;;;;
meeting_10000030;user_demo_comp_cct_10000031;demo_comp_cct_10000050;Charlie Modig (comp 10048);2019-09-09 08:30;stop;00:30;Requested by applicant;demo_comp_cct_10000013;Org EMMABODA            ;Första möte;smultron sitt enligt del icke. tid varit Upprätthållande.;;;;
meeting_10000031;user_demo_comp_cct_10000032;demo_comp_cct_10000051;Malte Klint (comp 10049);2019-03-11 08:30;stop;00:30;Requested by applicant;demo_comp_cct_10000018;Org HELSINGBORG         ;Fjärde möte;ännu enligt. kom ordningens trevnadens groda rännil genom.;;;;
meeting_10000032;user_demo_comp_cct_10000033;demo_comp_cct_10000052;Melinda Hedblom (comp 10050);2020-08-09 08:30;stop;00:30;Requested by applicant;demo_comp_cct_10000018;Org HELSINGBORG         ;Första möte;åker del. sig det brunsås Icke brunsås ännu.;;;;
meeting_10000033;user_demo_comp_cct_10000034;demo_comp_cct_10000053;Izabel Almström (comp 10051);2020-01-18 08:30;stop;00:30;Requested by applicant;demo_comp_cct_10000013;Org EMMABODA            ;Andra möte;det brunsås tre samtidigt samtidigt upprätthållande, Brunsås rot.;;;;
meeting_10000034;user_demo_comp_cct_10000035;demo_comp_cct_10000054;Miranda Ahlberg (comp 10052);2019-10-07 08:30;stop;00:30;Requested by applicant;demo_comp_cct_10000013;Org EMMABODA            ;Fjärde möte;räv faktor, nya Och ska regn varit av.;;;;
meeting_10000035;user_demo_comp_cct_10000036;demo_comp_cct_10000055;Ben Sjösten (comp 10053);2020-09-02 08:30;stop;00:30;Requested by applicant;demo_comp_cct_10000009;Org NORRKÖPING          ;Första möte;ingalunda, där se Dagamteckning bland vemod kunde Att.;;;;
meeting_10000036;user_demo_comp_cct_10000037;demo_comp_cct_10000056;Sophia Tärngren;2019-03-26 08:30;stop;00:30;Requested by applicant;demo_comp_cct_10000013;Org EMMABODA            ;Femte möte;därmed vidsträckt och faktor Blivit det, söka, ännu.;;;;
meeting_10000037;user_demo_comp_cct_10000038;demo_comp_cct_10000057;Ella Lönnberg;2020-09-12 08:30;stop;00:30;Requested by applicant;demo_comp_cct_10000003;Org HAPARANDA           ;Fjärde möte;för stora enligt redan från, är smultron redan.;;;;
meeting_10000038;user_demo_comp_cct_10000039;demo_comp_cct_10000058;Kira Möller;2020-07-02 08:30;stop;00:30;Requested by applicant;demo_comp_cct_10000016;Org GÖTEBORG            ;Femte möte;björnbär kunde dag olika sällan där. smultron på.;;;;
meeting_10000039;user_demo_comp_cct_10000040;demo_comp_cct_10000059;Billy Ask;2020-07-26 08:30;stop;00:30;Requested by applicant;demo_comp_cct_10000007;Org JÖNKÖPING           ;Femte möte;dimmhöljd kom sjö. och ordningens själv rännil helt.;;;;
meeting_10000040;user_demo_comp_cct_10000041;demo_comp_cct_10000060;Vidar Ivarsson;2019-07-27 08:30;stop;00:30;Requested by applicant;demo_comp_cct_10000017;Org HÄSSELBY            ;Andra möte;där flera där fram. precis och av strand.;;;;
meeting_10000041;user_demo_comp_cct_10000042;demo_comp_cct_10000061;Vincent Gidlund;2019-12-04 08:30;stop;00:30;Requested by applicant;demo_comp_cct_10000011;Org UPPSALA             ;Femte möte;regn ska groda dunge tre ordningens på har.;;;;
meeting_10000042;user_demo_comp_cct_10000043;demo_comp_cct_10000062;Yasmin Stark;2019-07-10 08:30;stop;00:30;Requested by applicant;demo_comp_cct_10000016;Org GÖTEBORG            ;Första möte;bra upprätthållande, regn annat flera av är kanske.;;;;
meeting_10000043;user_demo_comp_cct_10000044;demo_comp_cct_10000063;Jon Vahlberg;2020-08-06 08:30;stop;00:30;Requested by applicant;demo_comp_cct_10000002;Org HUDIKSVALL          ;Andra möte;i som dock när dunge både där sjö.;;;;
meeting_10000044;user_demo_comp_cct_10000045;demo_comp_cct_10000064;Amir Sundell;2020-09-26 08:30;stop;00:30;Requested by applicant;demo_comp_cct_10000007;Org JÖNKÖPING           ;Fjärde möte;själv upprätthållande bland, blev hans ordningens faktor samtidigt.;;;;
meeting_10000045;user_demo_comp_cct_10000046;demo_comp_cct_10000065;Ferdinand Broberg;2020-05-09 08:30;stop;00:30;Requested by applicant;demo_comp_cct_10000002;Org HUDIKSVALL          ;Tredje möte;plats lax och om hav. dimma ser vemod,.;;;;
meeting_10000046;user_demo_comp_cct_10000047;demo_comp_cct_10000066;Sam Oskarsson;2019-09-28 08:30;stop;00:30;Requested by applicant;demo_comp_cct_10000010;Org PARTILLE            ;Fjärde möte;som ser sax. att sällan där rännil ska.;;;;
meeting_10000047;user_demo_comp_cct_10000048;demo_comp_cct_10000067;Leila Åhlander;2020-03-18 08:30;stop;00:30;Requested by applicant;demo_comp_cct_10000003;Org HAPARANDA           ;Första möte;ingalunda Brunsås hav. och sax. år, verkligen därmed.;;;;
meeting_10000048;user_demo_comp_cct_10000049;demo_comp_cct_10000068;Wictor Svanberg;2020-09-18 08:30;stop;00:30;Requested by applicant;demo_comp_cct_10000002;Org HUDIKSVALL          ;Första möte;ska verkligen mot rot dimmhöljd tid tidigare. söka.;;;;
meeting_10000049;user_demo_comp_cct_10000050;demo_comp_cct_10000069;Evelyn Håkansson;2019-06-17 08:30;stop;00:30;Requested by applicant;demo_comp_cct_10000006;Org VÅRBY               ;Femte möte;strand räv tre rännil äng, sista år se.;;;;
meeting_10000050;user_demo_comp_cct_10000051;demo_comp_cct_10000070;Terese Bergstedt;2019-05-09 08:30;stop;00:30;Requested by applicant;demo_comp_cct_10000017;Org HÄSSELBY            ;Andra möte;dag ännu gör hans, icke. Stig häst del.;;;;
meeting_10000051;user_demo_comp_cct_10000052;demo_comp_cct_10000071;Elliot Ekholm;2020-03-17 08:30;stop;00:30;Requested by applicant;demo_comp_cct_10000002;Org HUDIKSVALL          ;Femte möte;där tidigare. sorgliga trevnadens tid trevnadens. blev flera.;;;;
meeting_10000052;user_demo_comp_cct_10000053;demo_comp_cct_10000072;Silje Lundberg;2020-12-10 08:30;stop;00:30;Requested by applicant;demo_comp_cct_10000007;Org JÖNKÖPING           ;Andra möte;som kom sista samtidigt smultron räv vemod både.;;;;
meeting_10000053;user_demo_comp_cct_10000054;demo_comp_cct_10000073;Noa Qvarnström;2019-03-23 08:30;stop;00:30;Requested by applicant;demo_comp_cct_10000005;Org VÅRGÅRDA            ;Fjärde möte;Löksås sax både är för bra kunde år.;;;;
meeting_10000054;user_demo_comp_cct_10000055;demo_comp_cct_10000074;Jasper Helgesson;2019-10-30 08:30;stop;00:30;Requested by applicant;demo_comp_cct_10000007;Org JÖNKÖPING           ;Tredje möte;när kanske omfångsrik flera tiden hela dag som.;;;;
meeting_10000055;user_demo_comp_cct_10000056;demo_comp_cct_10000075;Melwin Emanuelsson;2019-12-17 08:30;stop;00:30;Requested by applicant;demo_comp_cct_10000011;Org UPPSALA             ;Första möte;av kom vid björnbär om mjuka, faktor, björnbär.;;;;
meeting_10000056;user_demo_comp_cct_10000057;demo_comp_cct_10000076;Benin Wennerström;2019-06-12 08:30;stop;00:30;Requested by applicant;demo_comp_cct_10000010;Org PARTILLE            ;Femte möte;mjuka mjuka sig blev sista oss dock där.;;;;
meeting_10000057;user_demo_comp_cct_10000058;demo_comp_cct_10000077;Ylva Israelsson;2020-04-29 08:30;stop;00:30;Requested by applicant;demo_comp_cct_10000006;Org VÅRBY               ;Femte möte;se. Inom om nu miljoner. del dock vemod,.;;;;
meeting_10000058;user_demo_comp_cct_10000059;demo_comp_cct_10000078;Zelda Norrby;2020-05-21 08:30;stop;00:30;Requested by applicant;demo_comp_cct_10000004;Org ULRICEHAMN          ;Femte möte;när dag är trevnadens del hela sällan om.;;;;
meeting_10000059;user_demo_comp_cct_10000060;demo_comp_cct_10000079;Philip Berndtsson;2020-12-27 08:30;stop;00:30;Requested by applicant;demo_comp_cct_10000003;Org HAPARANDA           ;Fjärde möte;därmed dunge tiden faktor själv ska år färdväg.;;;;
meeting_10000060;user_demo_comp_cct_10000061;demo_comp_cct_10000080;Bodil Östberg;2020-03-13 08:30;stop;00:30;Requested by applicant;demo_comp_cct_10000003;Org HAPARANDA           ;Tredje möte;annan smultron redan själv. är hans ta att.;;;;
meeting_10000061;user_demo_comp_cct_10000062;demo_comp_cct_10000081;Elwin Wallman;2020-11-27 08:30;stop;00:30;Requested by applicant;demo_comp_cct_10000005;Org VÅRGÅRDA            ;Tredje möte;bäckasiner trevnadens upprätthållande är dimma samtidigt av blev.;;;;
meeting_10000062;user_demo_comp_cct_10000063;demo_comp_cct_10000082;Dick Samuelsson;2019-04-07 08:30;stop;00:30;Requested by applicant;demo_comp_cct_10000006;Org VÅRBY               ;Andra möte;bra som där blev Gör trevnadens häst. ordningens.;;;;
meeting_10000063;user_demo_comp_cct_10000064;demo_comp_cct_10000083;Gudmund Gradin;2019-03-19 08:30;stop;00:30;Requested by applicant;demo_comp_cct_10000003;Org HAPARANDA           ;Första möte;Icke stig sällan, och Sorgliga se tidigare det.;;;;
meeting_10000064;user_demo_comp_cct_10000065;demo_comp_cct_10000084;Tilde Bäckström;2019-09-02 08:30;stop;00:30;Requested by applicant;demo_comp_cct_10000015;Org NACKA               ;Andra möte;upprätthållande samtidigt, där mot dunge ta dock där.;;;;
meeting_10000065;user_demo_comp_cct_10000066;demo_comp_cct_10000085;Eila Medin;2019-08-02 08:30;stop;00:30;Requested by applicant;demo_comp_cct_10000005;Org VÅRGÅRDA            ;Fjärde möte;rännil icke tidigare söka vidsträckt bäckasiner dag från.;;;;
meeting_10000066;user_demo_comp_cct_10000067;demo_comp_cct_10000086;Gustav Ring;2019-01-16 08:30;stop;00:30;Requested by applicant;demo_comp_cct_10000003;Org HAPARANDA           ;Femte möte;helt vemod jäst hela dag från erfarenheter, fram.;;;;
meeting_10000067;user_demo_comp_cct_10000068;demo_comp_cct_10000087;Livia Vedin;2019-12-28 08:30;stop;00:30;Requested by applicant;demo_comp_cct_10000001;Org PILGRIMSTAD         ;Första möte;år nu räv blivit kom kanske sax. om,.;;;;
meeting_10000068;user_demo_comp_cct_10000069;demo_comp_cct_10000088;Viva Markström;2019-10-27 08:30;stop;00:30;Requested by applicant;demo_comp_cct_10000016;Org GÖTEBORG            ;Första möte;sin Att där tiden erfarenheter där Mjuka redan.;;;;
meeting_10000069;user_demo_comp_cct_10000070;demo_comp_cct_10000089;Indra Johannisson;2020-02-16 08:30;stop;00:30;Requested by applicant;demo_comp_cct_10000006;Org VÅRBY               ;Fjärde möte;när hwila det regn samtidigt gamla. hela omfångsrik.;;;;
meeting_10000070;user_demo_comp_cct_10000071;demo_comp_cct_10000090;Mika Andersson;2020-01-20 08:30;stop;00:30;Requested by applicant;demo_comp_cct_10000013;Org EMMABODA            ;Andra möte;oss upprätthållande äng nu. hwila hwila omfångsrik när.;;;;
meeting_10000071;user_demo_comp_cct_10000072;demo_comp_cct_10000091;Blenda Tornberg;2020-08-04 08:30;stop;00:30;Requested by applicant;demo_comp_cct_10000011;Org UPPSALA             ;Femte möte;enligt Sällan om där varit hela och häst.;;;;
meeting_10000072;user_demo_comp_cct_10000073;demo_comp_cct_10000092;Joni Ekblom;2020-07-08 08:30;stop;00:30;Requested by applicant;demo_comp_cct_10000016;Org GÖTEBORG            ;Andra möte;kom omfångsrik samtidigt ordningens kanske söka mot fram..;;;;
meeting_10000073;user_demo_comp_cct_10000074;demo_comp_cct_10000093;Lorentz Kraft;2019-08-22 08:30;stop;00:30;Requested by applicant;demo_comp_cct_10000008;Org HAVDHEM             ;Andra möte;smultron dimma, ordningens söka. själv blev av helt.;;;;
meeting_10000074;user_demo_comp_cct_10000075;demo_comp_cct_10000094;Marcus Tillman;2019-01-08 08:30;stop;00:30;Requested by applicant;demo_comp_cct_10000003;Org HAPARANDA           ;Femte möte;helt tid precis, händer söka samma björnbär och.;;;;
meeting_10000075;user_demo_comp_cct_10000076;demo_comp_cct_10000095;Boris Sander;2020-08-02 08:30;stop;00:30;Requested by applicant;demo_comp_cct_10000001;Org PILGRIMSTAD         ;Femte möte;dimma söka trevnadens plats plats sig redan bra.;;;;
meeting_10000076;user_demo_comp_cct_10000077;demo_comp_cct_10000096;Emilija Gren;2020-01-08 08:30;stop;00:30;Requested by applicant;demo_comp_cct_10000008;Org HAVDHEM             ;Femte möte;faktor rännil göras mot ta hwila häst det.;;;;
meeting_10000077;user_demo_comp_cct_10000078;demo_comp_cct_10000097;Yasmine Norrman;2020-09-16 08:30;stop;00:30;Requested by applicant;demo_comp_cct_10000003;Org HAPARANDA           ;Andra möte;vi varit åker så det som är verkligen.;;;;
meeting_10000078;user_demo_comp_cct_10000079;demo_comp_cct_10000098;Filip Johannesson;2020-09-19 08:30;stop;00:30;Requested by applicant;demo_comp_cct_10000016;Org GÖTEBORG            ;Femte möte;trevnadens om stig och, det smultron har trevnadens.;;;;
meeting_10000079;user_demo_comp_cct_10000080;demo_comp_cct_10000099;Bill Leandersson;2020-10-10 08:30;stop;00:30;Requested by applicant;demo_comp_cct_10000011;Org UPPSALA             ;Första möte;annat att dunge ska har dunge Flera kom.;;;;
meeting_10000080;user_demo_comp_cct_10000081;demo_comp_cct_10000100;Thilda Hedin;2019-01-25 08:30;stop;00:30;Requested by applicant;demo_comp_cct_10000016;Org GÖTEBORG            ;Fjärde möte;från, se. av och på enligt flera genom.;;;;
meeting_10000081;user_demo_comp_cct_10000082;demo_comp_cct_10000101;Joni Börjesson;2020-03-20 08:30;stop;00:30;Requested by applicant;demo_comp_cct_10000013;Org EMMABODA            ;Andra möte;blev hav se. inom groda precis. gör om,.;;;;
meeting_10000082;user_demo_comp_cct_10000083;demo_comp_cct_10000102;Anthon Norlander;2020-11-03 08:30;stop;00:30;Requested by applicant;demo_comp_cct_10000012;Org KÄVLINGE            ;Andra möte;genom ordningens dimmhöljd sorgliga verkligen vi trevnadens sista.;;;;
meeting_10000083;user_demo_comp_cct_10000084;demo_comp_cct_10000103;Eleonor Sundén;2020-12-16 08:30;stop;00:30;Requested by applicant;demo_comp_cct_10000016;Org GÖTEBORG            ;Andra möte;bland vemod dag händer ordningens vidsträckt från björnbär,.;;;;
meeting_10000084;user_demo_comp_cct_10000085;demo_comp_cct_10000104;Wilhelmina Ersson;2019-07-16 08:30;stop;00:30;Requested by applicant;demo_comp_cct_10000010;Org PARTILLE            ;Tredje möte;icke. trevnadens dunge dag flera ser hans oss.;;;;
meeting_10000085;user_demo_comp_cct_10000086;demo_comp_cct_10000105;Katarina Helander;2019-06-10 08:30;stop;00:30;Requested by applicant;demo_comp_cct_10000001;Org PILGRIMSTAD         ;Andra möte;olika häst söka mjuka när Brunsås göras tiden.;;;;
meeting_10000086;user_demo_comp_cct_10000087;demo_comp_cct_10000106;Joseph Wallén;2020-01-27 08:30;stop;00:30;Requested by applicant;demo_comp_cct_10000015;Org NACKA               ;Fjärde möte;hela sorgliga fram sista, det som hans erfarenheter.;;;;
meeting_10000087;user_demo_comp_cct_10000088;demo_comp_cct_10000107;Paula Edberg;2019-08-02 08:30;stop;00:30;Requested by applicant;demo_comp_cct_10000013;Org EMMABODA            ;Första möte;när annat upprätthållande nya samma. verkligen för Fram.;;;;
meeting_10000088;user_demo_comp_cct_10000089;demo_comp_cct_10000108;Emmelie Thorén;2020-04-21 08:30;stop;00:30;Requested by applicant;demo_comp_cct_10000002;Org HUDIKSVALL          ;Tredje möte;miljoner. genom som tidigare rot annat faktor åker.;;;;
meeting_10000089;user_demo_comp_cct_10000090;demo_comp_cct_10000109;Frank Hultgren;2019-03-26 08:30;stop;00:30;Requested by applicant;demo_comp_cct_10000012;Org KÄVLINGE            ;Fjärde möte;tid äng, fram bland, ska vid, flera som,.;;;;
meeting_10000090;user_demo_comp_cct_10000091;demo_comp_cct_10000110;Caspar Vilhelmsson;2019-09-06 08:30;stop;00:30;Requested by applicant;demo_comp_cct_10000004;Org ULRICEHAMN          ;Andra möte;har dag hela trevnadens dock dimmhöljd hela ska.;;;;
meeting_10000091;user_demo_comp_cct_10000092;demo_comp_cct_10000111;Xavier Hjort;2019-12-22 08:30;stop;00:30;Requested by applicant;demo_comp_cct_10000007;Org JÖNKÖPING           ;Fjärde möte;rot precis enligt Att ta sax miljoner. annat.;;;;
meeting_10000092;user_demo_comp_cct_10000093;demo_comp_cct_10000112;Tage Degerman;2020-07-25 08:30;stop;00:30;Requested by applicant;demo_comp_cct_10000006;Org VÅRBY               ;Femte möte;del söka ser. tid. genom, från erfarenheter, av.;;;;
meeting_10000093;user_demo_comp_cct_10000094;demo_comp_cct_10000113;Myra Lind;2020-02-05 08:30;stop;00:30;Requested by applicant;demo_comp_cct_10000002;Org HUDIKSVALL          ;Andra möte;Bäckasiner precis, icke där träutensilierna tid åker. upprätthållande.;;;;
meeting_10000094;user_demo_comp_cct_10000095;demo_comp_cct_10000114;Katja Stensson;2019-09-03 08:30;stop;00:30;Requested by applicant;demo_comp_cct_10000012;Org KÄVLINGE            ;Tredje möte;regn denna stora därmed annat har om är.;;;;
meeting_10000095;user_demo_comp_cct_10000096;demo_comp_cct_10000115;Manuel Grönberg;2020-08-01 08:30;stop;00:30;Requested by applicant;demo_comp_cct_10000009;Org NORRKÖPING          ;Första möte;om där där där. räv blivit stig dimma.;;;;
meeting_10000096;user_demo_comp_cct_10000097;demo_comp_cct_10000116;Arvid Fagerberg;2020-08-01 08:30;stop;00:30;Requested by applicant;demo_comp_cct_10000003;Org HAPARANDA           ;Andra möte;äng, dunge genom, sällan genom samma Brunsås räv.;;;;
meeting_10000097;user_demo_comp_cct_10000098;demo_comp_cct_10000117;Emir Glad;2019-08-11 08:30;stop;00:30;Requested by applicant;demo_comp_cct_10000010;Org PARTILLE            ;Första möte;hav Dagamteckning inom inom dunge se tiden sorgliga.;;;;
meeting_10000098;user_demo_comp_cct_10000099;demo_comp_cct_10000118;Andrew Hedman;2020-01-23 08:30;stop;00:30;Requested by applicant;demo_comp_cct_10000002;Org HUDIKSVALL          ;Första möte;så kom från strand oss blev ordningens färdväg,.;;;;
meeting_10000099;user_demo_comp_cct_10000100;demo_comp_cct_10000119;Denniz Melander;2019-01-17 08:30;stop;00:30;Requested by applicant;demo_comp_cct_10000005;Org VÅRGÅRDA            ;Tredje möte;dimmhöljd av där Brunsås mot vi kom därmed,.;;;;
meeting_10000100;user_demo_comp_cct_10000101;demo_comp_cct_10000120;Eden Back;2020-11-21 08:30;stop;00:30;Requested by applicant;demo_comp_cct_10000009;Org NORRKÖPING          ;Tredje möte;som från faktor olika sjö. från plats år.;;;;
meeting_10000101;user_demo_comp_cct_10000102;demo_comp_cct_10000121;Zara Hultman;2019-04-29 08:30;stop;00:30;Requested by applicant;demo_comp_cct_10000013;Org EMMABODA            ;Femte möte;räv och dock, sorgliga vemod kan ska rännil.;;;;
meeting_10000102;user_demo_comp_cct_10000103;demo_comp_cct_10000122;Ada Bergstedt;2020-11-23 08:30;stop;00:30;Requested by applicant;demo_comp_cct_10000018;Org HELSINGBORG         ;Femte möte;kunde ordningens söka tidigare göras, fram mot. av.;;;;
meeting_10000103;user_demo_comp_cct_10000104;demo_comp_cct_10000123;Waldemar Fält;2019-02-28 08:30;stop;00:30;Requested by applicant;demo_comp_cct_10000017;Org HÄSSELBY            ;Tredje möte;rännil som regn vi rot vid om, nya.;;;;
meeting_10000104;user_demo_comp_cct_10000105;demo_comp_cct_10000124;Nea Lindell;2019-12-17 08:30;stop;00:30;Requested by applicant;demo_comp_cct_10000011;Org UPPSALA             ;Tredje möte;kan själv, blivit mjuka, rot Gör samtidigt helt.;;;;
meeting_10000105;user_demo_comp_cct_10000106;demo_comp_cct_10000125;Linnéa Adamsson;2019-05-02 08:30;stop;00:30;Requested by applicant;demo_comp_cct_10000009;Org NORRKÖPING          ;Femte möte;hela sax. faktor därmed enligt ska gör färdväg..;;;;
meeting_10000106;user_demo_comp_cct_10000107;demo_comp_cct_10000126;Nanna Hågström;2020-02-10 08:30;stop;00:30;Requested by applicant;demo_comp_cct_10000003;Org HAPARANDA           ;Första möte;på upprätthållande hwila som sorgliga av dunge nu..;;;;
meeting_10000107;user_demo_comp_cct_10000108;demo_comp_cct_10000127;Donya FrÅberg;2020-06-21 08:30;stop;00:30;Requested by applicant;demo_comp_cct_10000010;Org PARTILLE            ;Femte möte;annat mjuka rot bäckasiner brunsås bland annat Bland.;;;;
meeting_10000108;user_demo_comp_cct_10000109;demo_comp_cct_10000128;Amelia Julin;2020-10-17 08:30;stop;00:30;Requested by applicant;demo_comp_cct_10000013;Org EMMABODA            ;Andra möte;trevnadens bland är ska flera faktor Del ordningens.;;;;
meeting_10000109;user_demo_comp_cct_10000110;demo_comp_cct_10000129;Frej Morin;2019-11-10 08:30;stop;00:30;Requested by applicant;demo_comp_cct_10000003;Org HAPARANDA           ;Andra möte;upprätthållande stora vid sorgliga annat sjö. Inom för.;;;;
meeting_10000110;user_demo_comp_cct_10000111;demo_comp_cct_10000130;Billie Svedin;2019-12-24 08:30;stop;00:30;Requested by applicant;demo_comp_cct_10000012;Org KÄVLINGE            ;Femte möte;sitt hela vemod av samma genom groda sista.;;;;
meeting_10000111;user_demo_comp_cct_10000112;demo_comp_cct_10000131;Abdullahi Holgersson;2020-05-10 08:30;stop;00:30;Requested by applicant;demo_comp_cct_10000009;Org NORRKÖPING          ;Femte möte;ännu och det denna bland, både som upprätthållande.;;;;
meeting_10000112;user_demo_comp_cct_10000113;demo_comp_cct_10000132;Robin Lundqvist;2020-11-19 08:30;stop;00:30;Requested by applicant;demo_comp_cct_10000003;Org HAPARANDA           ;Fjärde möte;som samtidigt göras sig vemod ta regn åker..;;;;
meeting_10000113;user_demo_comp_cct_10000114;demo_comp_cct_10000133;Telma Kristiansson;2020-04-30 08:30;stop;00:30;Requested by applicant;demo_comp_cct_10000008;Org HAVDHEM             ;Första möte;ordningens Bland vid söka smultron ordningens det rännil.;;;;
meeting_10000114;user_demo_comp_cct_10000115;demo_comp_cct_10000134;Oskar Wickman;2020-04-30 08:30;stop;00:30;Requested by applicant;demo_comp_cct_10000017;Org HÄSSELBY            ;Tredje möte;samma räv där själv hans oss. fram mjuka.;;;;
meeting_10000115;user_demo_comp_cct_10000116;demo_comp_cct_10000135;Cecilia Ålund;2020-12-18 08:30;stop;00:30;Requested by applicant;demo_comp_cct_10000013;Org EMMABODA            ;Första möte;trevnadens ännu att därmed själv och strand nu.;;;;
meeting_10000116;user_demo_comp_cct_10000117;demo_comp_cct_10000136;Lily Melin;2019-07-10 08:30;stop;00:30;Requested by applicant;demo_comp_cct_10000007;Org JÖNKÖPING           ;Andra möte;mjuka av söka bäckasiner fram. för del. del.;;;;
meeting_10000117;user_demo_comp_cct_10000118;demo_comp_cct_10000137;Anita Öman;2019-08-21 08:30;stop;00:30;Requested by applicant;demo_comp_cct_10000016;Org GÖTEBORG            ;Femte möte;år genom, fram trevnadens. brunsås samma, som, regn.;;;;
meeting_10000118;user_demo_comp_cct_10000119;demo_comp_cct_10000138;Laban Lindh;2020-04-03 08:30;stop;00:30;Requested by applicant;demo_comp_cct_10000007;Org JÖNKÖPING           ;Fjärde möte;som dock händer bäckasiner sjö Mjuka erfarenheter blev.;;;;
meeting_10000119;user_demo_comp_cct_10000120;demo_comp_cct_10000139;Dahlia Mattisson;2019-07-24 08:30;stop;00:30;Requested by applicant;demo_comp_cct_10000018;Org HELSINGBORG         ;Första möte;denna jäst blivit stora ordningens flera enligt vid.;;;;
meeting_10000120;user_demo_comp_cct_10000121;demo_comp_cct_10000140;Kenneth Sandqvist;2020-07-10 08:30;stop;00:30;Requested by applicant;demo_comp_cct_10000017;Org HÄSSELBY            ;Första möte;vemod, björnbär, år och dock det ta sig.;;;;
meeting_10000121;user_demo_comp_cct_10000122;demo_comp_cct_10000141;Judith Niklasson;2019-11-27 08:30;stop;00:30;Requested by applicant;demo_comp_cct_10000003;Org HAPARANDA           ;Femte möte;därmed genom, hela, plats vi plats sjö kanske.;;;;
meeting_10000122;user_demo_comp_cct_10000123;demo_comp_cct_10000142;Holly Rosander;2019-03-05 08:30;stop;00:30;Requested by applicant;demo_comp_cct_10000003;Org HAPARANDA           ;Första möte;sax. enligt nya rot där gör vi annat.;;;;
meeting_10000123;user_demo_comp_cct_10000124;demo_comp_cct_10000143;Jasmin Thustrup;2020-08-09 08:30;stop;00:30;Requested by applicant;demo_comp_cct_10000017;Org HÄSSELBY            ;Tredje möte;blev själv ordningens mjuka del regn fram. hans.;;;;
meeting_10000124;user_demo_comp_cct_10000125;demo_comp_cct_10000144;Merve Lundblad;2019-03-20 08:30;stop;00:30;Requested by applicant;demo_comp_cct_10000003;Org HAPARANDA           ;Andra möte;är om Genom erfarenheter stig oss erfarenheter. stig.;;;;
meeting_10000125;user_demo_comp_cct_10000126;demo_comp_cct_10000145;Mathilda Fridh;2019-09-12 08:30;stop;00:30;Requested by applicant;demo_comp_cct_10000014;Org JÄRLÅSA             ;Fjärde möte;hav trevnadens där tiden ingalunda dimma sax dimma.;;;;
meeting_10000126;user_demo_comp_cct_10000127;demo_comp_cct_10000146;Abdullahi Landin;2019-07-12 08:30;stop;00:30;Requested by applicant;demo_comp_cct_10000006;Org VÅRBY               ;Fjärde möte;faktor ännu. rot själv gör hans mjuka mjuka,.;;;;
meeting_10000127;user_demo_comp_cct_10000128;demo_comp_cct_10000147;Marvin Arvas;2019-02-24 08:30;stop;00:30;Requested by applicant;demo_comp_cct_10000003;Org HAPARANDA           ;Tredje möte;varit av del helt annat ännu mot ordningens.;;;;
meeting_10000128;user_demo_comp_cct_10000129;demo_comp_cct_10000148;Othilia Hellqvist;2020-01-14 08:30;stop;00:30;Requested by applicant;demo_comp_cct_10000010;Org PARTILLE            ;Femte möte;ser. är vemod stig Rännil som se det,.;;;;
meeting_10000129;user_demo_comp_cct_10000130;demo_comp_cct_10000149;Billy Löf;2020-06-16 08:30;stop;00:30;Requested by applicant;demo_comp_cct_10000006;Org VÅRBY               ;Femte möte;sista ser. Icke sista genom, nu. olika bland.;;;;
meeting_10000130;user_demo_comp_cct_10000131;demo_comp_cct_10000150;Eleonor Gustavsson;2019-03-25 08:30;stop;00:30;Requested by applicant;demo_comp_cct_10000018;Org HELSINGBORG         ;Tredje möte;Bäckasiner stig därmed dag samma. söka, redan, kom.;;;;
meeting_10000131;user_demo_comp_cct_10000132;demo_comp_cct_10000151;Timothy Christensson;2019-01-28 08:30;stop;00:30;Requested by applicant;demo_comp_cct_10000004;Org ULRICEHAMN          ;Andra möte;hela I smultron som nu bland söka faktor.;;;;
meeting_10000132;user_demo_comp_cct_10000133;demo_comp_cct_10000152;Rahma Södergren;2019-07-05 08:30;stop;00:30;Requested by applicant;demo_comp_cct_10000002;Org HUDIKSVALL          ;Andra möte;När som annat sällan björnbär och träutensilierna häst.;;;;
meeting_10000133;user_demo_comp_cct_10000134;demo_comp_cct_10000153;Selma Simonsson;2020-11-29 08:30;stop;00:30;Requested by applicant;demo_comp_cct_10000004;Org ULRICEHAMN          ;Andra möte;och både samtidigt Sällan varit Mjuka ska av.;;;;
meeting_10000134;user_demo_comp_cct_10000135;demo_comp_cct_10000154;Nino Ericsson;2020-06-08 08:30;stop;00:30;Requested by applicant;demo_comp_cct_10000018;Org HELSINGBORG         ;Femte möte;ska del sig sorgliga dimma ordningens rännil faktor.;;;;
meeting_10000135;user_demo_comp_cct_10000136;demo_comp_cct_10000155;Timmy Selberg;2020-01-10 08:30;stop;00:30;Requested by applicant;demo_comp_cct_10000016;Org GÖTEBORG            ;Femte möte;miljoner om Bra det vemod tid dag, och.;;;;
meeting_10000136;user_demo_comp_cct_10000137;demo_comp_cct_10000156;Ryan Dahl;2020-10-23 08:30;stop;00:30;Requested by applicant;demo_comp_cct_10000016;Org GÖTEBORG            ;Tredje möte;söka, ordningens genom del, redan stig samma precis..;;;;
meeting_10000137;user_demo_comp_cct_10000138;demo_comp_cct_10000157;Melwin Brorsson;2019-06-01 08:30;stop;00:30;Requested by applicant;demo_comp_cct_10000003;Org HAPARANDA           ;Tredje möte;dimma Strand träutensilierna. hwila del kom upprätthållande vad.;;;;
meeting_10000138;user_demo_comp_cct_10000139;demo_comp_cct_10000158;Jesper Engblom;2019-10-30 08:30;stop;00:30;Requested by applicant;demo_comp_cct_10000016;Org GÖTEBORG            ;Första möte;verkligen rot när om blev av händer, enligt.;;;;
meeting_10000139;user_demo_comp_cct_10000140;demo_comp_cct_10000159;Anthon Sundberg;2020-10-09 08:30;stop;00:30;Requested by applicant;demo_comp_cct_10000007;Org JÖNKÖPING           ;Andra möte;del. vad ordningens se hwila bäckasiner stig erfarenheter..;;;;
meeting_10000140;user_demo_comp_cct_10000141;demo_comp_cct_10000160;Christine Åstrand;2019-02-05 08:30;stop;00:30;Requested by applicant;demo_comp_cct_10000007;Org JÖNKÖPING           ;Femte möte;redan kanske annat strand kunde för äng kom.;;;;
meeting_10000141;user_demo_comp_cct_10000142;demo_comp_cct_10000161;Katja Fransén;2020-07-11 08:30;stop;00:30;Requested by applicant;demo_comp_cct_10000013;Org EMMABODA            ;Andra möte;är annan smultron ska ska blev hav tidigare..;;;;
meeting_10000142;user_demo_comp_cct_10000143;demo_comp_cct_10000162;Tania Franzén;2019-10-25 08:30;stop;00:30;Requested by applicant;demo_comp_cct_10000016;Org GÖTEBORG            ;Femte möte;helt vemod denna kunde del strand som gör.;;;;
meeting_10000143;user_demo_comp_cct_10000144;demo_comp_cct_10000163;Line Falck;2019-04-25 08:30;stop;00:30;Requested by applicant;demo_comp_cct_10000015;Org NACKA               ;Femte möte;kom söka nya söka ska på tidigare göras.;;;;
meeting_10000144;user_demo_comp_cct_10000145;demo_comp_cct_10000164;Allan Blomqvist;2019-08-17 08:30;stop;00:30;Requested by applicant;demo_comp_cct_10000007;Org JÖNKÖPING           ;Första möte;dimma del räv händer vidsträckt räv precis precis.;;;;
meeting_10000145;user_demo_comp_cct_10000146;demo_comp_cct_10000165;Josefina Nyman;2020-12-30 08:30;stop;00:30;Requested by applicant;demo_comp_cct_10000010;Org PARTILLE            ;Första möte;Hwila Rännil är dock hela tidigare fram. precis,.;;;;
meeting_10000146;user_demo_comp_cct_10000147;demo_comp_cct_10000166;Emilia Lindstrand;2019-02-07 08:30;stop;00:30;Requested by applicant;demo_comp_cct_10000017;Org HÄSSELBY            ;Första möte;både miljoner bland smultron hav Och händer, rännil.;;;;
meeting_10000147;user_demo_comp_cct_10000148;demo_comp_cct_10000167;Philip Linderoth;2020-06-10 08:30;stop;00:30;Requested by applicant;demo_comp_cct_10000009;Org NORRKÖPING          ;Första möte;tidigare som ta faktor tiden när samtidigt inom.;;;;
meeting_10000148;user_demo_comp_cct_10000149;demo_comp_cct_10000168;Gina Strandberg;2020-05-09 08:30;stop;00:30;Requested by applicant;demo_comp_cct_10000004;Org ULRICEHAMN          ;Andra möte;olika är sista Att själv, dag smultron ska.;;;;
meeting_10000149;user_demo_comp_cct_10000150;demo_comp_cct_10000169;Hoda Ferm;2020-12-23 08:30;stop;00:30;Requested by applicant;demo_comp_cct_10000008;Org HAVDHEM             ;Första möte;träutensilierna trevnadens dimmhöljd sjö i bäckasiner så vemod.;;;;
meeting_10000150;user_demo_comp_cct_10000151;demo_comp_cct_10000170;Roman Harrysson;2019-01-24 08:30;stop;00:30;Requested by applicant;demo_comp_cct_10000007;Org JÖNKÖPING           ;Fjärde möte;söka, fram jäst genom regn samma. rännil rot.;;;;
meeting_10000151;user_demo_comp_cct_10000152;demo_comp_cct_10000171;Stina Selander;2020-05-27 08:30;stop;00:30;Requested by applicant;demo_comp_cct_10000011;Org UPPSALA             ;Fjärde möte;upprätthållande, fram kom hwila brunsås del, som ska.;;;;
meeting_10000152;user_demo_comp_cct_10000153;demo_comp_cct_10000172;Kian Åkerblom;2019-03-13 08:30;stop;00:30;Requested by applicant;demo_comp_cct_10000007;Org JÖNKÖPING           ;Fjärde möte;kan blev del räv rännil. göras Dagamteckning där.;;;;
meeting_10000153;user_demo_comp_cct_10000154;demo_comp_cct_10000173;Tess Källström;2019-11-18 08:30;stop;00:30;Requested by applicant;demo_comp_cct_10000012;Org KÄVLINGE            ;Andra möte;denna mjuka oss. räv dunge och mot nya,.;;;;
meeting_10000154;user_demo_comp_cct_10000155;demo_comp_cct_10000174;Knut Widön;2020-04-12 08:30;stop;00:30;Requested by applicant;demo_comp_cct_10000013;Org EMMABODA            ;Fjärde möte;ännu. därmed tre sin inom Flera räv gör.;;;;
meeting_10000155;user_demo_comp_cct_10000156;demo_comp_cct_10000175;Fridolf Hammarström;2019-01-27 08:30;stop;00:30;Requested by applicant;demo_comp_cct_10000010;Org PARTILLE            ;Andra möte;stora dag lax Varit ta, vid om, stora.;;;;
meeting_10000156;user_demo_comp_cct_10000157;demo_comp_cct_10000176;Chelsea Ståhl;2020-08-09 08:30;stop;00:30;Requested by applicant;demo_comp_cct_10000013;Org EMMABODA            ;Femte möte;därmed del redan När Icke fram dimma flera.;;;;
meeting_10000157;user_demo_comp_cct_10000158;demo_comp_cct_10000177;Athena Bergman;2020-10-18 08:30;stop;00:30;Requested by applicant;demo_comp_cct_10000014;Org JÄRLÅSA             ;Tredje möte;verkligen ingalunda verkligen när från dimma kom groda.;;;;
meeting_10000158;user_demo_comp_cct_10000159;demo_comp_cct_10000178;Evelin Stenvall;2019-06-08 08:30;stop;00:30;Requested by applicant;demo_comp_cct_10000004;Org ULRICEHAMN          ;Andra möte;upprätthållande mjuka. hela upprätthållande stora Kanske denna sjö.;;;;
meeting_10000159;user_demo_comp_cct_10000160;demo_comp_cct_10000179;Celine Sand;2019-02-20 08:30;stop;00:30;Requested by applicant;demo_comp_cct_10000018;Org HELSINGBORG         ;Andra möte;av ordningens Mjuka hans Dagamteckning själv händer från.;;;;
meeting_10000160;user_demo_comp_cct_10000161;demo_comp_cct_10000180;Veronika Vidén;2020-12-02 08:30;stop;00:30;Requested by applicant;demo_comp_cct_10000018;Org HELSINGBORG         ;Fjärde möte;tidigare. verkligen ännu bra hwila det brunsås i.;;;;
meeting_10000161;user_demo_comp_cct_10000162;demo_comp_cct_10000181;Yngve Steen;2019-11-05 08:30;stop;00:30;Requested by applicant;demo_comp_cct_10000003;Org HAPARANDA           ;Fjärde möte;brunsås oss äng händer, från färdväg redan, blivit.;;;;
meeting_10000162;user_demo_comp_cct_10000163;demo_comp_cct_10000182;Marcel Stefansson;2019-03-16 08:30;stop;00:30;Requested by applicant;demo_comp_cct_10000012;Org KÄVLINGE            ;Fjärde möte;samma. brunsås Mjuka Att trevnadens rot strand ingalunda.;;;;
meeting_10000163;user_demo_comp_cct_10000164;demo_comp_cct_10000183;Elif Lif;2019-10-04 08:30;stop;00:30;Requested by applicant;demo_comp_cct_10000008;Org HAVDHEM             ;Femte möte;precis, händer vemod sin stig att stig när.;;;;
meeting_10000164;user_demo_comp_cct_10000165;demo_comp_cct_10000184;Elise Lindholm;2019-10-12 08:30;stop;00:30;Requested by applicant;demo_comp_cct_10000015;Org NACKA               ;Fjärde möte;annat vemod hav hav erfarenheter. ordningens fram se.;;;;
meeting_10000165;user_demo_comp_cct_10000166;demo_comp_cct_10000185;River Brorsson;2020-04-22 08:30;stop;00:30;Requested by applicant;demo_comp_cct_10000006;Org VÅRBY               ;Femte möte;ta, är dunge kom Icke rot färdväg brunsås.;;;;
meeting_10000166;user_demo_comp_cct_10000167;demo_comp_cct_10000186;Malcolm Medin;2020-08-12 08:30;stop;00:30;Requested by applicant;demo_comp_cct_10000018;Org HELSINGBORG         ;Tredje möte;är därmed gamla händer, det stig mot strand.;;;;
meeting_10000167;user_demo_comp_cct_10000168;demo_comp_cct_10000187;Casandra Storm;2019-03-05 08:30;stop;00:30;Requested by applicant;demo_comp_cct_10000001;Org PILGRIMSTAD         ;Tredje möte;äng sista sorgliga redan rännil som, för av.;;;;
meeting_10000168;user_demo_comp_cct_10000169;demo_comp_cct_10000188;Sanne Lööf;2019-07-03 08:30;stop;00:30;Requested by applicant;demo_comp_cct_10000017;Org HÄSSELBY            ;Fjärde möte;kom strand ännu hela därmed är hav händer.;;;;
meeting_10000169;user_demo_comp_cct_10000170;demo_comp_cct_10000189;Pål Valfridsson;2019-01-04 08:30;stop;00:30;Requested by applicant;demo_comp_cct_10000002;Org HUDIKSVALL          ;Första möte;nu sista, både faktor, dag, samma som kanske.;;;;
meeting_10000170;user_demo_comp_cct_10000171;demo_comp_cct_10000190;Vendela Kruse;2020-04-26 08:30;stop;00:30;Requested by applicant;demo_comp_cct_10000014;Org JÄRLÅSA             ;Femte möte;rot regn på jäst tre gamla icke kan.;;;;
meeting_10000171;user_demo_comp_cct_10000172;demo_comp_cct_10000191;Hampus Vik;2020-01-08 08:30;stop;00:30;Requested by applicant;demo_comp_cct_10000017;Org HÄSSELBY            ;Tredje möte;ordningens samtidigt det vi hwila därmed sig tiden.;;;;
meeting_10000172;user_demo_comp_cct_10000173;demo_comp_cct_10000192;Teddy Wahlqvist;2020-06-12 08:30;stop;00:30;Requested by applicant;demo_comp_cct_10000001;Org PILGRIMSTAD         ;Fjärde möte;ska verkligen strand Och sista gör rot brunsås.;;;;
meeting_10000173;user_demo_comp_cct_10000174;demo_comp_cct_10000193;Muhammad Mattsson;2019-09-18 08:30;stop;00:30;Requested by applicant;demo_comp_cct_10000005;Org VÅRGÅRDA            ;Tredje möte;lax det upprätthållande vi därmed groda kunde Där.;;;;
meeting_10000174;user_demo_comp_cct_10000175;demo_comp_cct_10000194;Walter Zetterberg;2020-01-28 08:30;stop;00:30;Requested by applicant;demo_comp_cct_10000002;Org HUDIKSVALL          ;Tredje möte;vemod hans rännil när sällan färdväg fram färdväg.;;;;
meeting_10000175;user_demo_comp_cct_10000176;demo_comp_cct_10000195;Emina Wennerberg;2019-11-02 08:30;stop;00:30;Requested by applicant;demo_comp_cct_10000010;Org PARTILLE            ;Femte möte;annat har dock erfarenheter, del, mot år, stora.;;;;
meeting_10000176;user_demo_comp_cct_10000177;demo_comp_cct_10000196;Jonna Borg;2019-06-22 08:30;stop;00:30;Requested by applicant;demo_comp_cct_10000009;Org NORRKÖPING          ;Fjärde möte;strand Där vid upprätthållande oss. Sällan regn som.;;;;
meeting_10000177;user_demo_comp_cct_10000178;demo_comp_cct_10000197;Karl Bodin;2019-02-12 08:30;stop;00:30;Requested by applicant;demo_comp_cct_10000015;Org NACKA               ;Femte möte;häst häst år, precis, tre enligt åker bland.;;;;
meeting_10000178;user_demo_comp_cct_10000179;demo_comp_cct_10000198;Gabrielle Sundman;2020-09-15 08:30;stop;00:30;Requested by applicant;demo_comp_cct_10000008;Org HAVDHEM             ;Första möte;strand ta kan flera björnbär del, annat tre.;;;;
meeting_10000179;user_demo_comp_cct_10000180;demo_comp_cct_10000199;Tage Granberg;2020-10-13 08:30;stop;00:30;Requested by applicant;demo_comp_cct_10000013;Org EMMABODA            ;Tredje möte;och tidigare har annan av fram det ta.;;;;
meeting_10000180;user_demo_comp_cct_10000181;demo_comp_cct_10000200;Verner Åström;2020-02-10 08:30;stop;00:30;Requested by applicant;demo_comp_cct_10000012;Org KÄVLINGE            ;Första möte;kanske faktor strand som rännil inom Rot sista,.;;;;
meeting_10000181;user_demo_comp_cct_10000182;demo_comp_cct_10000201;Aksel Carlsson;2019-08-19 08:30;stop;00:30;Requested by applicant;demo_comp_cct_10000003;Org HAPARANDA           ;Tredje möte;blev Gör söka stig trevnadens från genom rännil.;;;;
meeting_10000182;user_demo_comp_cct_10000183;demo_comp_cct_10000202;Marcel Malmberg;2020-10-11 08:30;stop;00:30;Requested by applicant;demo_comp_cct_10000010;Org PARTILLE            ;Första möte;mjuka där denna denna hwila så dag inom.;;;;
meeting_10000183;user_demo_comp_cct_10000184;demo_comp_cct_10000203;Jennie Forss;2020-03-07 08:30;stop;00:30;Requested by applicant;demo_comp_cct_10000009;Org NORRKÖPING          ;Första möte;helt ingalunda, bra se. se. dock annan för.;;;;
meeting_10000184;user_demo_comp_cct_10000185;demo_comp_cct_10000204;Karla Storm;2019-01-29 08:30;stop;00:30;Requested by applicant;demo_comp_cct_10000006;Org VÅRBY               ;Femte möte;regn kom när dock ser dock kanske färdväg.;;;;
meeting_10000185;user_demo_comp_cct_10000186;demo_comp_cct_10000205;Elvin Winberg;2020-08-23 08:30;stop;00:30;Requested by applicant;demo_comp_cct_10000003;Org HAPARANDA           ;Andra möte;bra nu. själv regn därmed flera vidsträckt sista.;;;;
meeting_10000186;user_demo_comp_cct_10000187;demo_comp_cct_10000206;Nicklas Hågberg;2020-06-05 08:30;stop;00:30;Requested by applicant;demo_comp_cct_10000016;Org GÖTEBORG            ;Fjärde möte;för verkligen sjö nya brunsås kunde Rot olika.;;;;
meeting_10000187;user_demo_comp_cct_10000188;demo_comp_cct_10000207;Emily Grankvist;2019-05-14 08:30;stop;00:30;Requested by applicant;demo_comp_cct_10000006;Org VÅRBY               ;Femte möte;annat ska se att tidigare. mot sorgliga göras.;;;;
meeting_10000188;user_demo_comp_cct_10000189;demo_comp_cct_10000208;Michaela Leandersson;2019-04-27 08:30;stop;00:30;Requested by applicant;demo_comp_cct_10000003;Org HAPARANDA           ;Fjärde möte;dimmhöljd på mot icke jäst samtidigt och mot.;;;;
meeting_10000189;user_demo_comp_cct_10000190;demo_comp_cct_10000209;Esmeralda Mårtensson;2019-10-22 08:30;stop;00:30;Requested by applicant;demo_comp_cct_10000008;Org HAVDHEM             ;Femte möte;Gör rot blivit ordningens Genom hans erfarenheter vidsträckt.;;;;
meeting_10000190;user_demo_comp_cct_10000191;demo_comp_cct_10000210;Polly Enström;2020-09-07 08:30;stop;00:30;Requested by applicant;demo_comp_cct_10000014;Org JÄRLÅSA             ;Fjärde möte;själv söka. rot därmed vemod samtidigt bäckasiner ordningens.;;;;
meeting_10000191;user_demo_comp_cct_10000192;demo_comp_cct_10000211;Fanny Glans;2020-06-07 08:30;stop;00:30;Requested by applicant;demo_comp_cct_10000010;Org PARTILLE            ;Andra möte;tiden dimma, Där hav bra mjuka sig hav.;;;;
meeting_10000192;user_demo_comp_cct_10000193;demo_comp_cct_10000212;Angelo Lönnberg;2020-07-23 08:30;stop;00:30;Requested by applicant;demo_comp_cct_10000009;Org NORRKÖPING          ;Fjärde möte;mjuka det vemod söka ska Denna bland ipsum.;;;;
meeting_10000193;user_demo_comp_cct_10000194;demo_comp_cct_10000213;Manfred Knutsson;2020-12-27 08:30;stop;00:30;Requested by applicant;demo_comp_cct_10000015;Org NACKA               ;Fjärde möte;rot helt brunsås att vemod av Där fram.;;;;
meeting_10000194;user_demo_comp_cct_10000195;demo_comp_cct_10000214;Nellie Strid;2020-10-28 08:30;stop;00:30;Requested by applicant;demo_comp_cct_10000003;Org HAPARANDA           ;Tredje möte;dimmhöljd sig jäst kom strand dag kanske i.;;;;
meeting_10000195;user_demo_comp_cct_10000196;demo_comp_cct_10000215;Samantha Kihlberg;2019-12-12 08:30;stop;00:30;Requested by applicant;demo_comp_cct_10000008;Org HAVDHEM             ;Första möte;ordningens sorgliga om, jäst händer dag Dimmhöljd och.;;;;
meeting_10000196;user_demo_comp_cct_10000197;demo_comp_cct_10000216;Ilona Wallberg;2020-08-10 08:30;stop;00:30;Requested by applicant;demo_comp_cct_10000007;Org JÖNKÖPING           ;Andra möte;åker ta som brunsås nu faktor hwila ordningens.;;;;
meeting_10000197;user_demo_comp_cct_10000198;demo_comp_cct_10000217;Najma Wallén;2019-09-27 08:30;stop;00:30;Requested by applicant;demo_comp_cct_10000018;Org HELSINGBORG         ;Andra möte;hwila som upprätthållande ordningens som nu. sorgliga och.;;;;
meeting_10000198;user_demo_comp_cct_10000199;demo_comp_cct_10000218;Rafael Adamsson;2019-03-11 08:30;stop;00:30;Requested by applicant;demo_comp_cct_10000017;Org HÄSSELBY            ;Tredje möte;tiden Strand sista händer groda har smultron se.;;;;
meeting_10000199;user_demo_comp_cct_10000200;demo_comp_cct_10000219;Emanuel Pihl;2019-02-02 08:30;stop;00:30;Requested by applicant;demo_comp_cct_10000004;Org ULRICEHAMN          ;Första möte;sjö ska färdväg ska sig stig rännil åker.;;;;
meeting_10000200;user_demo_comp_cct_10000201;demo_comp_cct_10000220;Tobias Kallin;2020-03-20 08:30;stop;00:30;Requested by applicant;demo_comp_cct_10000013;Org EMMABODA            ;Fjärde möte;tid. vid flera smultron bra kan, faktor vi.;;;;
meeting_10000201;user_demo_comp_cct_10000202;demo_comp_cct_10000221;Villemo Sjöö;2019-04-10 08:30;stop;00:30;Requested by applicant;demo_comp_cct_10000016;Org GÖTEBORG            ;Andra möte;sax där. dimmhöljd samma där olika dunge träutensilierna.;;;;
meeting_10000202;user_demo_comp_cct_10000203;demo_comp_cct_10000222;Rebecka Assarsson;2019-10-24 08:30;stop;00:30;Requested by applicant;demo_comp_cct_10000016;Org GÖTEBORG            ;Andra möte;av nya det kan ingalunda varit dag att.;;;;
meeting_10000203;user_demo_comp_cct_10000204;demo_comp_cct_10000223;Jonna Arvidsson;2020-02-14 08:30;stop;00:30;Requested by applicant;demo_comp_cct_10000008;Org HAVDHEM             ;Andra möte;hav när annat om äng annat del hwila.;;;;
meeting_10000204;user_demo_comp_cct_10000205;demo_comp_cct_10000224;Denis Rasmusson;2019-01-16 08:30;stop;00:30;Requested by applicant;demo_comp_cct_10000013;Org EMMABODA            ;Femte möte;blivit mjuka äng, olika rot tidigare flera Gamla.;;;;
meeting_10000205;user_demo_comp_cct_10000206;demo_comp_cct_10000225;Konrad Norberg;2020-01-09 08:30;stop;00:30;Requested by applicant;demo_comp_cct_10000017;Org HÄSSELBY            ;Femte möte;år och, redan från själv. det ordningens rot.;;;;
meeting_10000206;user_demo_comp_cct_10000207;demo_comp_cct_10000226;Karolin Tuvesson;2019-06-11 08:30;stop;00:30;Requested by applicant;demo_comp_cct_10000010;Org PARTILLE            ;Första möte;Flera söka räv fram. regn fram. sax. år.;;;;
meeting_10000207;user_demo_comp_cct_10000208;demo_comp_cct_10000227;Cassandra Matsson;2019-07-10 08:30;stop;00:30;Requested by applicant;demo_comp_cct_10000009;Org NORRKÖPING          ;Tredje möte;annat precis annat kom olika annan söka, nya.;;;;
meeting_10000208;user_demo_comp_cct_10000209;demo_comp_cct_10000228;Kent Öhlin;2019-04-30 08:30;stop;00:30;Requested by applicant;demo_comp_cct_10000013;Org EMMABODA            ;Första möte;händer stora som kanske hav. ska precis det.;;;;
meeting_10000209;user_demo_comp_cct_10000210;demo_comp_cct_10000229;Dag AlmÅn;2019-07-13 08:30;stop;00:30;Requested by applicant;demo_comp_cct_10000006;Org VÅRBY               ;Första möte;mjuka, hav. helt samtidigt groda och vemod gör.;;;;
meeting_10000210;user_demo_comp_cct_10000211;demo_comp_cct_10000230;Turid Spångberg;2019-03-01 08:30;stop;00:30;Requested by applicant;demo_comp_cct_10000015;Org NACKA               ;Fjärde möte;erfarenheter själv som stora hans annan sällan träutensilierna.;;;;
meeting_10000211;user_demo_comp_cct_10000212;demo_comp_cct_10000231;Irene Melander;2020-06-27 08:30;stop;00:30;Requested by applicant;demo_comp_cct_10000002;Org HUDIKSVALL          ;Fjärde möte;precis kom verkligen Upprätthållande nya inom tiden därmed,.;;;;
meeting_10000212;user_demo_comp_cct_10000213;demo_comp_cct_10000232;Erica Af;2020-10-21 08:30;stop;00:30;Requested by applicant;demo_comp_cct_10000011;Org UPPSALA             ;Fjärde möte;dunge det dunge tidigare rännil äng sällan samtidigt.;;;;
meeting_10000213;user_demo_comp_cct_10000214;demo_comp_cct_10000233;Camilla Rönnbäck;2019-02-21 08:30;stop;00:30;Requested by applicant;demo_comp_cct_10000001;Org PILGRIMSTAD         ;Andra möte;brunsås verkligen strand gör faktor olika ska erfarenheter..;;;;
meeting_10000214;user_demo_comp_cct_10000215;demo_comp_cct_10000234;Osman Sundquist;2020-04-01 08:30;stop;00:30;Requested by applicant;demo_comp_cct_10000017;Org HÄSSELBY            ;Tredje möte;därmed dag lax för olika när kanske om.;;;;
meeting_10000215;user_demo_comp_cct_10000216;demo_comp_cct_10000235;Hubert Almgren;2019-09-21 08:30;stop;00:30;Requested by applicant;demo_comp_cct_10000008;Org HAVDHEM             ;Tredje möte;dimma händer Nya själv. sjö trevnadens att hela,.;;;;
meeting_10000216;user_demo_comp_cct_10000217;demo_comp_cct_10000236;Jerry Fast;2020-01-05 08:30;stop;00:30;Requested by applicant;demo_comp_cct_10000017;Org HÄSSELBY            ;Första möte;mjuka enligt vemod nya miljoner, Annan Ännu oss.;;;;
meeting_10000217;user_demo_comp_cct_10000218;demo_comp_cct_10000237;Stella Meijer;2020-06-25 08:30;stop;00:30;Requested by applicant;demo_comp_cct_10000004;Org ULRICEHAMN          ;Fjärde möte;upprätthållande brunsås regn ordningens del blev redan som,.;;;;
meeting_10000218;user_demo_comp_cct_10000219;demo_comp_cct_10000238;Tomas Börjesson;2020-08-23 08:30;stop;00:30;Requested by applicant;demo_comp_cct_10000002;Org HUDIKSVALL          ;Fjärde möte;ta, del dag bra upprätthållande brunsås. på gamla.;;;;
meeting_10000219;user_demo_comp_cct_10000220;demo_comp_cct_10000239;Sture Wahlgren;2019-08-15 08:30;stop;00:30;Requested by applicant;demo_comp_cct_10000009;Org NORRKÖPING          ;Fjärde möte;rot gör olika kunde tidigare där verkligen träutensilierna..;;;;
meeting_10000220;user_demo_comp_cct_10000221;#REFERENS!;Isac Sundén;2019-04-04 08:30;stop;00:30;Requested by applicant;demo_comp_cct_10000010;Org PARTILLE            ;Femte möte;när. Del miljoner Nya flera fram. har regn.;;;;
meeting_10000221;user_demo_comp_cct_10000222;0;Haylie Van;2019-07-09 08:30;stop;00:30;Requested by applicant;demo_comp_cct_10000008;Org HAVDHEM             ;Andra möte;är bland att hwila björnbär, dimma brunsås år.;;;;
meeting_10000222;user_demo_comp_cct_10000223;0;0;2019-02-14 08:30;stop;00:30;Requested by applicant;demo_comp_cct_10000002;Org HUDIKSVALL          ;Första möte;flera därmed vidsträckt dimma ordningens jäst dag blev.;;;;
meeting_10000223;user_demo_comp_cct_10000224;0;0;2019-01-06 08:30;stop;00:30;Requested by applicant;demo_comp_cct_10000006;Org VÅRBY               ;Första möte;nya som tidigare kom helt Nya dunge I.;;;;
meeting_10000224;user_demo_comp_cct_10000225;0;0;2019-01-29 08:30;stop;00:30;Requested by applicant;demo_comp_cct_10000016;Org GÖTEBORG            ;Första möte;ännu. upprätthållande vi hela, vidsträckt björnbär inom sig.;;;;
meeting_10000225;user_demo_comp_cct_10000226;0;0;2020-05-05 08:30;stop;00:30;Requested by applicant;demo_comp_cct_10000014;Org JÄRLÅSA             ;Fjärde möte;Fram av blivit hav Ännu räv när stig.;;;;
meeting_10000226;user_demo_comp_cct_10000227;0;0;2019-09-01 08:30;stop;00:30;Requested by applicant;demo_comp_cct_10000014;Org JÄRLÅSA             ;Fjärde möte;är helt är genom dock om, sax. fram.;;;;
meeting_10000227;user_demo_comp_cct_10000228;0;0;2019-07-27 08:30;stop;00:30;Requested by applicant;demo_comp_cct_10000007;Org JÖNKÖPING           ;Femte möte;annat jäst Löksås år blivit mjuka icke där.;;;;
meeting_10000228;user_demo_comp_cct_10000229;0;0;2019-01-13 08:30;stop;00:30;Requested by applicant;demo_comp_cct_10000009;Org NORRKÖPING          ;Tredje möte;flera Brunsås samtidigt gör göras ser fram. oss..;;;;
meeting_10000229;user_demo_comp_cct_10000230;0;0;2019-01-03 08:30;stop;00:30;Requested by applicant;demo_comp_cct_10000017;Org HÄSSELBY            ;Första möte;Mjuka flera annan samma. är annat vidsträckt brunsås.;;;;
meeting_10000230;user_demo_comp_cct_10000231;0;0;2019-10-19 08:30;stop;00:30;Requested by applicant;demo_comp_cct_10000013;Org EMMABODA            ;Fjärde möte;Dimmhöljd hav hav. nya det inom samtidigt Fram.;;;;
meeting_10000231;user_demo_comp_cct_10000232;0;0;2019-02-03 08:30;stop;00:30;Requested by applicant;demo_comp_cct_10000016;Org GÖTEBORG            ;Fjärde möte;blev mjuka se redan tiden nya så kan.;;;;
meeting_10000232;user_demo_comp_cct_10000233;0;0;2019-10-03 08:30;stop;00:30;Requested by applicant;demo_comp_cct_10000015;Org NACKA               ;Fjärde möte;erfarenheter år räv för dag kom strand dag.;;;;
meeting_10000233;user_demo_comp_cct_10000234;0;0;2019-05-07 08:30;stop;00:30;Requested by applicant;demo_comp_cct_10000010;Org PARTILLE            ;Tredje möte;faktor rot dag träutensilierna sax del. och verkligen.;;;;
meeting_10000234;user_demo_comp_cct_10000235;0;0;2019-12-13 08:30;stop;00:30;Requested by applicant;demo_comp_cct_10000005;Org VÅRGÅRDA            ;Tredje möte;del, ingalunda dimmhöljd flera regn ordningens i när.;;;;
meeting_10000235;user_demo_comp_cct_10000236;0;0;2019-08-06 08:30;stop;00:30;Requested by applicant;demo_comp_cct_10000004;Org ULRICEHAMN          ;Första möte;som ska genom år hav oss. sorgliga själv.;;;;
meeting_10000236;user_demo_comp_cct_10000237;0;0;2020-01-30 08:30;stop;00:30;Requested by applicant;demo_comp_cct_10000009;Org NORRKÖPING          ;Andra möte;dag så för hwila i,. blev verkligen blev.;;;;
meeting_10000237;user_demo_comp_cct_10000238;0;0;2019-01-04 08:30;stop;00:30;Requested by applicant;demo_comp_cct_10000003;Org HAPARANDA           ;Fjärde möte;hwila oss stora dock, och sax se som,.;;;;
meeting_10000238;user_demo_comp_cct_10000239;0;0;2019-09-02 08:30;stop;00:30;Requested by applicant;demo_comp_cct_10000005;Org VÅRGÅRDA            ;Andra möte;ska oss ser dimma tidigare precis oss. stora.;;;;
;;;;;;;;;;;;;;;
;;;;;;;;;;;;;;;
;;;;;;;;;;;;;;;
;;;;;;;;;;;;;;;
;;;;;;;;;;;;;;;
;;;;;;;;;;;;;;;
;;;;;;;;;;;;;;;
;;;;;;;;;;;;;;;
;;;;;;;;;;;;;;;
;;;;;;;;;;;;;;;
;;;;;;;;;;;;;;;
;;;;;;;;;;;;;;;
;;;;;;;;;;;;;;;
;;;;;;;;;;;;;;;
;;;;;;;;;;;;;;;
;;;;;;;;;;;;;;;
;;;;;;;;;;;;;;;
